Date,Ingredient,Price_Per_Unit
2024-01-01,Flour,44.95
2024-01-01,Butter,482.41
2024-01-01,Sugar,41.09
2024-01-01,Eggs,6.02
2024-01-01,Cocoa,652.01
2024-01-02,Flour,44.98
2024-01-02,Butter,481.64
2024-01-02,Sugar,40.03
2024-01-02,Eggs,6.0
2024-01-02,Cocoa,663.6
2024-01-03,Flour,44.98
2024-01-03,Butter,480.13
2024-01-03,Sugar,40.07
2024-01-03,Eggs,6.02
2024-01-03,Cocoa,667.61
2024-01-04,Flour,44.88
2024-01-04,Butter,482.17
2024-01-04,Sugar,40.82
2024-01-04,Eggs,6.08
2024-01-04,Cocoa,682.47
2024-01-05,Flour,44.59
2024-01-05,Butter,490.17
2024-01-05,Sugar,40.51
2024-01-05,Eggs,6.1
2024-01-05,Cocoa,686.58
2024-01-06,Flour,44.36
2024-01-06,Butter,490.39
2024-01-06,Sugar,40.92
2024-01-06,Eggs,6.05
2024-01-06,Cocoa,696.7
2024-01-07,Flour,43.75
2024-01-07,Butter,499.49
2024-01-07,Sugar,41.36
2024-01-07,Eggs,6.05
2024-01-07,Cocoa,693.15
2024-01-08,Flour,43.55
2024-01-08,Butter,498.45
2024-01-08,Sugar,41.35
2024-01-08,Eggs,6.12
2024-01-08,Cocoa,705.08
2024-01-09,Flour,43.67
2024-01-09,Butter,494.02
2024-01-09,Sugar,41.14
2024-01-09,Eggs,6.11
2024-01-09,Cocoa,697.29
2024-01-10,Flour,43.17
2024-01-10,Butter,503.81
2024-01-10,Sugar,41.28
2024-01-10,Eggs,6.06
2024-01-10,Cocoa,701.65
2024-01-11,Flour,42.67
2024-01-11,Butter,498.07
2024-01-11,Sugar,40.96
2024-01-11,Eggs,6.15
2024-01-11,Cocoa,698.97
2024-01-12,Flour,41.62
2024-01-12,Butter,503.52
2024-01-12,Sugar,40.85
2024-01-12,Eggs,6.04
2024-01-12,Cocoa,695.93
2024-01-13,Flour,41.92
2024-01-13,Butter,504.99
2024-01-13,Sugar,41.63
2024-01-13,Eggs,5.99
2024-01-13,Cocoa,695.32
2024-01-14,Flour,41.67
2024-01-14,Butter,497.09
2024-01-14,Sugar,42.01
2024-01-14,Eggs,6.02
2024-01-14,Cocoa,696.26
2024-01-15,Flour,41.93
2024-01-15,Butter,493.45
2024-01-15,Sugar,41.59
2024-01-15,Eggs,6.02
2024-01-15,Cocoa,702.88
2024-01-16,Flour,42.71
2024-01-16,Butter,497.0
2024-01-16,Sugar,41.61
2024-01-16,Eggs,6.03
2024-01-16,Cocoa,701.9
2024-01-17,Flour,42.3
2024-01-17,Butter,496.78
2024-01-17,Sugar,41.05
2024-01-17,Eggs,6.03
2024-01-17,Cocoa,711.49
2024-01-18,Flour,42.72
2024-01-18,Butter,492.01
2024-01-18,Sugar,41.04
2024-01-18,Eggs,5.97
2024-01-18,Cocoa,709.86
2024-01-19,Flour,43.24
2024-01-19,Butter,494.91
2024-01-19,Sugar,42.11
2024-01-19,Eggs,6.05
2024-01-19,Cocoa,709.99
2024-01-20,Flour,43.58
2024-01-20,Butter,493.64
2024-01-20,Sugar,41.63
2024-01-20,Eggs,6.12
2024-01-20,Cocoa,715.34
2024-01-21,Flour,43.5
2024-01-21,Butter,494.68
2024-01-21,Sugar,42.16
2024-01-21,Eggs,6.17
2024-01-21,Cocoa,704.53
2024-01-22,Flour,43.63
2024-01-22,Butter,493.58
2024-01-22,Sugar,42.62
2024-01-22,Eggs,6.23
2024-01-22,Cocoa,712.01
2024-01-23,Flour,43.16
2024-01-23,Butter,489.55
2024-01-23,Sugar,43.08
2024-01-23,Eggs,6.19
2024-01-23,Cocoa,700.88
2024-01-24,Flour,43.44
2024-01-24,Butter,486.73
2024-01-24,Sugar,43.81
2024-01-24,Eggs,6.2
2024-01-24,Cocoa,700.9
2024-01-25,Flour,43.3
2024-01-25,Butter,494.23
2024-01-25,Sugar,43.92
2024-01-25,Eggs,6.18
2024-01-25,Cocoa,694.72
2024-01-26,Flour,43.3
2024-01-26,Butter,489.25
2024-01-26,Sugar,44.32
2024-01-26,Eggs,6.06
2024-01-26,Cocoa,692.92
2024-01-27,Flour,43.61
2024-01-27,Butter,490.71
2024-01-27,Sugar,43.97
2024-01-27,Eggs,6.1
2024-01-27,Cocoa,686.3
2024-01-28,Flour,43.63
2024-01-28,Butter,493.63
2024-01-28,Sugar,44.12
2024-01-28,Eggs,6.06
2024-01-28,Cocoa,693.36
2024-01-29,Flour,43.69
2024-01-29,Butter,496.92
2024-01-29,Sugar,44.72
2024-01-29,Eggs,6.13
2024-01-29,Cocoa,699.78
2024-01-30,Flour,43.81
2024-01-30,Butter,500.39
2024-01-30,Sugar,44.76
2024-01-30,Eggs,6.05
2024-01-30,Cocoa,700.75
2024-01-31,Flour,43.95
2024-01-31,Butter,502.79
2024-01-31,Sugar,44.65
2024-01-31,Eggs,6.0
2024-01-31,Cocoa,704.0
2024-02-01,Flour,43.38
2024-02-01,Butter,509.33
2024-02-01,Sugar,44.5
2024-02-01,Eggs,6.02
2024-02-01,Cocoa,706.55
2024-02-02,Flour,43.67
2024-02-02,Butter,501.98
2024-02-02,Sugar,44.8
2024-02-02,Eggs,6.04
2024-02-02,Cocoa,701.29
2024-02-03,Flour,43.36
2024-02-03,Butter,499.94
2024-02-03,Sugar,44.19
2024-02-03,Eggs,6.14
2024-02-03,Cocoa,709.92
2024-02-04,Flour,43.6
2024-02-04,Butter,498.47
2024-02-04,Sugar,44.07
2024-02-04,Eggs,6.18
2024-02-04,Cocoa,720.15
2024-02-05,Flour,43.37
2024-02-05,Butter,492.73
2024-02-05,Sugar,44.68
2024-02-05,Eggs,6.07
2024-02-05,Cocoa,712.19
2024-02-06,Flour,43.29
2024-02-06,Butter,484.99
2024-02-06,Sugar,45.09
2024-02-06,Eggs,6.12
2024-02-06,Cocoa,707.21
2024-02-07,Flour,43.9
2024-02-07,Butter,491.85
2024-02-07,Sugar,44.98
2024-02-07,Eggs,6.09
2024-02-07,Cocoa,720.76
2024-02-08,Flour,44.25
2024-02-08,Butter,492.84
2024-02-08,Sugar,45.49
2024-02-08,Eggs,6.11
2024-02-08,Cocoa,716.06
2024-02-09,Flour,44.3
2024-02-09,Butter,497.57
2024-02-09,Sugar,44.59
2024-02-09,Eggs,6.09
2024-02-09,Cocoa,723.72
2024-02-10,Flour,44.08
2024-02-10,Butter,504.64
2024-02-10,Sugar,45.13
2024-02-10,Eggs,6.08
2024-02-10,Cocoa,718.55
2024-02-11,Flour,43.97
2024-02-11,Butter,516.94
2024-02-11,Sugar,45.85
2024-02-11,Eggs,6.09
2024-02-11,Cocoa,713.23
2024-02-12,Flour,44.05
2024-02-12,Butter,517.37
2024-02-12,Sugar,45.25
2024-02-12,Eggs,6.09
2024-02-12,Cocoa,720.56
2024-02-13,Flour,43.26
2024-02-13,Butter,520.59
2024-02-13,Sugar,45.77
2024-02-13,Eggs,6.06
2024-02-13,Cocoa,730.16
2024-02-14,Flour,42.98
2024-02-14,Butter,521.89
2024-02-14,Sugar,45.56
2024-02-14,Eggs,6.04
2024-02-14,Cocoa,724.55
2024-02-15,Flour,43.33
2024-02-15,Butter,525.13
2024-02-15,Sugar,45.46
2024-02-15,Eggs,5.95
2024-02-15,Cocoa,725.68
2024-02-16,Flour,43.56
2024-02-16,Butter,523.19
2024-02-16,Sugar,46.18
2024-02-16,Eggs,5.86
2024-02-16,Cocoa,709.75
2024-02-17,Flour,43.26
2024-02-17,Butter,525.73
2024-02-17,Sugar,45.65
2024-02-17,Eggs,5.81
2024-02-17,Cocoa,714.74
2024-02-18,Flour,43.5
2024-02-18,Butter,526.63
2024-02-18,Sugar,45.91
2024-02-18,Eggs,5.78
2024-02-18,Cocoa,710.98
2024-02-19,Flour,43.9
2024-02-19,Butter,519.24
2024-02-19,Sugar,44.93
2024-02-19,Eggs,5.76
2024-02-19,Cocoa,715.81
2024-02-20,Flour,44.03
2024-02-20,Butter,522.57
2024-02-20,Sugar,44.02
2024-02-20,Eggs,5.79
2024-02-20,Cocoa,718.74
2024-02-21,Flour,43.44
2024-02-21,Butter,525.86
2024-02-21,Sugar,43.94
2024-02-21,Eggs,5.97
2024-02-21,Cocoa,703.22
2024-02-22,Flour,44.09
2024-02-22,Butter,523.05
2024-02-22,Sugar,43.22
2024-02-22,Eggs,5.94
2024-02-22,Cocoa,703.96
2024-02-23,Flour,44.58
2024-02-23,Butter,530.45
2024-02-23,Sugar,43.79
2024-02-23,Eggs,5.89
2024-02-23,Cocoa,710.22
2024-02-24,Flour,44.76
2024-02-24,Butter,526.3
2024-02-24,Sugar,43.67
2024-02-24,Eggs,5.85
2024-02-24,Cocoa,709.26
2024-02-25,Flour,44.44
2024-02-25,Butter,520.44
2024-02-25,Sugar,43.83
2024-02-25,Eggs,5.89
2024-02-25,Cocoa,706.85
2024-02-26,Flour,45.06
2024-02-26,Butter,518.38
2024-02-26,Sugar,43.67
2024-02-26,Eggs,5.93
2024-02-26,Cocoa,704.86
2024-02-27,Flour,45.1
2024-02-27,Butter,505.52
2024-02-27,Sugar,43.64
2024-02-27,Eggs,5.82
2024-02-27,Cocoa,695.82
2024-02-28,Flour,44.5
2024-02-28,Butter,500.0
2024-02-28,Sugar,43.38
2024-02-28,Eggs,5.79
2024-02-28,Cocoa,699.22
2024-02-29,Flour,44.61
2024-02-29,Butter,490.48
2024-02-29,Sugar,43.39
2024-02-29,Eggs,5.82
2024-02-29,Cocoa,696.1
2024-03-01,Flour,44.59
2024-03-01,Butter,491.18
2024-03-01,Sugar,43.68
2024-03-01,Eggs,5.73
2024-03-01,Cocoa,693.59
2024-03-02,Flour,45.28
2024-03-02,Butter,497.76
2024-03-02,Sugar,44.01
2024-03-02,Eggs,5.76
2024-03-02,Cocoa,703.48
2024-03-03,Flour,46.13
2024-03-03,Butter,496.78
2024-03-03,Sugar,43.56
2024-03-03,Eggs,5.75
2024-03-03,Cocoa,722.54
2024-03-04,Flour,45.4
2024-03-04,Butter,494.19
2024-03-04,Sugar,42.93
2024-03-04,Eggs,5.77
2024-03-04,Cocoa,713.27
2024-03-05,Flour,45.35
2024-03-05,Butter,484.54
2024-03-05,Sugar,43.17
2024-03-05,Eggs,5.84
2024-03-05,Cocoa,709.51
2024-03-06,Flour,45.28
2024-03-06,Butter,483.67
2024-03-06,Sugar,43.23
2024-03-06,Eggs,5.84
2024-03-06,Cocoa,713.31
2024-03-07,Flour,45.83
2024-03-07,Butter,479.69
2024-03-07,Sugar,43.07
2024-03-07,Eggs,5.9
2024-03-07,Cocoa,702.8
2024-03-08,Flour,44.92
2024-03-08,Butter,480.78
2024-03-08,Sugar,43.26
2024-03-08,Eggs,5.86
2024-03-08,Cocoa,697.99
2024-03-09,Flour,44.58
2024-03-09,Butter,476.6
2024-03-09,Sugar,43.53
2024-03-09,Eggs,5.79
2024-03-09,Cocoa,695.3
2024-03-10,Flour,44.19
2024-03-10,Butter,469.69
2024-03-10,Sugar,43.86
2024-03-10,Eggs,5.77
2024-03-10,Cocoa,695.62
2024-03-11,Flour,43.52
2024-03-11,Butter,466.33
2024-03-11,Sugar,44.14
2024-03-11,Eggs,5.93
2024-03-11,Cocoa,681.86
2024-03-12,Flour,43.46
2024-03-12,Butter,468.58
2024-03-12,Sugar,43.84
2024-03-12,Eggs,5.98
2024-03-12,Cocoa,675.59
2024-03-13,Flour,43.56
2024-03-13,Butter,466.31
2024-03-13,Sugar,44.31
2024-03-13,Eggs,5.94
2024-03-13,Cocoa,672.79
2024-03-14,Flour,44.02
2024-03-14,Butter,461.64
2024-03-14,Sugar,44.3
2024-03-14,Eggs,5.83
2024-03-14,Cocoa,665.26
2024-03-15,Flour,44.21
2024-03-15,Butter,457.26
2024-03-15,Sugar,44.02
2024-03-15,Eggs,5.86
2024-03-15,Cocoa,661.19
2024-03-16,Flour,44.59
2024-03-16,Butter,458.75
2024-03-16,Sugar,44.17
2024-03-16,Eggs,5.94
2024-03-16,Cocoa,663.05
2024-03-17,Flour,45.29
2024-03-17,Butter,463.55
2024-03-17,Sugar,43.9
2024-03-17,Eggs,6.02
2024-03-17,Cocoa,664.5
2024-03-18,Flour,45.11
2024-03-18,Butter,465.21
2024-03-18,Sugar,44.33
2024-03-18,Eggs,6.05
2024-03-18,Cocoa,676.06
2024-03-19,Flour,45.6
2024-03-19,Butter,468.02
2024-03-19,Sugar,43.85
2024-03-19,Eggs,6.03
2024-03-19,Cocoa,676.0
2024-03-20,Flour,45.9
2024-03-20,Butter,471.32
2024-03-20,Sugar,43.89
2024-03-20,Eggs,6.04
2024-03-20,Cocoa,680.17
2024-03-21,Flour,45.5
2024-03-21,Butter,479.63
2024-03-21,Sugar,42.99
2024-03-21,Eggs,6.13
2024-03-21,Cocoa,679.27
2024-03-22,Flour,45.94
2024-03-22,Butter,481.38
2024-03-22,Sugar,43.12
2024-03-22,Eggs,6.16
2024-03-22,Cocoa,683.94
2024-03-23,Flour,45.77
2024-03-23,Butter,486.32
2024-03-23,Sugar,42.64
2024-03-23,Eggs,6.15
2024-03-23,Cocoa,688.7
2024-03-24,Flour,46.2
2024-03-24,Butter,488.41
2024-03-24,Sugar,42.46
2024-03-24,Eggs,6.2
2024-03-24,Cocoa,683.57
2024-03-25,Flour,46.97
2024-03-25,Butter,487.83
2024-03-25,Sugar,41.8
2024-03-25,Eggs,6.13
2024-03-25,Cocoa,683.18
2024-03-26,Flour,46.99
2024-03-26,Butter,497.13
2024-03-26,Sugar,41.37
2024-03-26,Eggs,6.13
2024-03-26,Cocoa,675.63
2024-03-27,Flour,46.73
2024-03-27,Butter,504.87
2024-03-27,Sugar,40.91
2024-03-27,Eggs,6.16
2024-03-27,Cocoa,677.68
2024-03-28,Flour,46.68
2024-03-28,Butter,506.87
2024-03-28,Sugar,40.44
2024-03-28,Eggs,6.26
2024-03-28,Cocoa,689.63
2024-03-29,Flour,46.67
2024-03-29,Butter,517.96
2024-03-29,Sugar,40.31
2024-03-29,Eggs,6.28
2024-03-29,Cocoa,698.15
2024-03-30,Flour,46.43
2024-03-30,Butter,510.57
2024-03-30,Sugar,39.66
2024-03-30,Eggs,6.39
2024-03-30,Cocoa,693.75
2024-03-31,Flour,46.32
2024-03-31,Butter,504.62
2024-03-31,Sugar,40.11
2024-03-31,Eggs,6.34
2024-03-31,Cocoa,689.68
2024-04-01,Flour,46.43
2024-04-01,Butter,499.02
2024-04-01,Sugar,40.07
2024-04-01,Eggs,6.42
2024-04-01,Cocoa,691.67
2024-04-02,Flour,46.46
2024-04-02,Butter,499.67
2024-04-02,Sugar,39.95
2024-04-02,Eggs,6.53
2024-04-02,Cocoa,685.56
2024-04-03,Flour,46.52
2024-04-03,Butter,499.83
2024-04-03,Sugar,40.41
2024-04-03,Eggs,6.58
2024-04-03,Cocoa,684.64
2024-04-04,Flour,46.62
2024-04-04,Butter,501.01
2024-04-04,Sugar,39.49
2024-04-04,Eggs,6.48
2024-04-04,Cocoa,680.01
2024-04-05,Flour,46.34
2024-04-05,Butter,494.83
2024-04-05,Sugar,39.85
2024-04-05,Eggs,6.47
2024-04-05,Cocoa,678.02
2024-04-06,Flour,45.75
2024-04-06,Butter,494.32
2024-04-06,Sugar,38.79
2024-04-06,Eggs,6.45
2024-04-06,Cocoa,677.87
2024-04-07,Flour,45.84
2024-04-07,Butter,486.53
2024-04-07,Sugar,38.95
2024-04-07,Eggs,6.38
2024-04-07,Cocoa,672.03
2024-04-08,Flour,46.15
2024-04-08,Butter,496.06
2024-04-08,Sugar,39.03
2024-04-08,Eggs,6.32
2024-04-08,Cocoa,672.81
2024-04-09,Flour,46.55
2024-04-09,Butter,498.72
2024-04-09,Sugar,40.25
2024-04-09,Eggs,6.27
2024-04-09,Cocoa,674.0
2024-04-10,Flour,47.21
2024-04-10,Butter,505.48
2024-04-10,Sugar,39.46
2024-04-10,Eggs,6.27
2024-04-10,Cocoa,683.17
2024-04-11,Flour,48.47
2024-04-11,Butter,508.35
2024-04-11,Sugar,39.36
2024-04-11,Eggs,6.2
2024-04-11,Cocoa,696.92
2024-04-12,Flour,48.73
2024-04-12,Butter,503.71
2024-04-12,Sugar,39.32
2024-04-12,Eggs,6.21
2024-04-12,Cocoa,699.52
2024-04-13,Flour,48.25
2024-04-13,Butter,500.29
2024-04-13,Sugar,38.68
2024-04-13,Eggs,6.27
2024-04-13,Cocoa,696.31
2024-04-14,Flour,48.39
2024-04-14,Butter,506.71
2024-04-14,Sugar,38.84
2024-04-14,Eggs,6.26
2024-04-14,Cocoa,696.64
2024-04-15,Flour,48.35
2024-04-15,Butter,512.16
2024-04-15,Sugar,39.04
2024-04-15,Eggs,6.22
2024-04-15,Cocoa,702.52
2024-04-16,Flour,48.84
2024-04-16,Butter,505.09
2024-04-16,Sugar,39.74
2024-04-16,Eggs,6.24
2024-04-16,Cocoa,703.31
2024-04-17,Flour,49.22
2024-04-17,Butter,501.87
2024-04-17,Sugar,40.19
2024-04-17,Eggs,6.21
2024-04-17,Cocoa,692.66
2024-04-18,Flour,48.68
2024-04-18,Butter,504.15
2024-04-18,Sugar,39.82
2024-04-18,Eggs,6.3
2024-04-18,Cocoa,699.54
2024-04-19,Flour,49.21
2024-04-19,Butter,504.27
2024-04-19,Sugar,39.98
2024-04-19,Eggs,6.23
2024-04-19,Cocoa,705.02
2024-04-20,Flour,49.3
2024-04-20,Butter,506.51
2024-04-20,Sugar,40.73
2024-04-20,Eggs,6.19
2024-04-20,Cocoa,703.1
2024-04-21,Flour,49.36
2024-04-21,Butter,501.49
2024-04-21,Sugar,40.67
2024-04-21,Eggs,6.21
2024-04-21,Cocoa,699.92
2024-04-22,Flour,49.86
2024-04-22,Butter,493.8
2024-04-22,Sugar,41.17
2024-04-22,Eggs,6.25
2024-04-22,Cocoa,695.23
2024-04-23,Flour,49.35
2024-04-23,Butter,483.54
2024-04-23,Sugar,40.85
2024-04-23,Eggs,6.31
2024-04-23,Cocoa,693.96
2024-04-24,Flour,49.78
2024-04-24,Butter,480.5
2024-04-24,Sugar,41.17
2024-04-24,Eggs,6.26
2024-04-24,Cocoa,686.8
2024-04-25,Flour,49.64
2024-04-25,Butter,477.29
2024-04-25,Sugar,40.54
2024-04-25,Eggs,6.24
2024-04-25,Cocoa,686.76
2024-04-26,Flour,50.12
2024-04-26,Butter,481.85
2024-04-26,Sugar,41.08
2024-04-26,Eggs,6.28
2024-04-26,Cocoa,688.18
2024-04-27,Flour,49.46
2024-04-27,Butter,482.53
2024-04-27,Sugar,41.35
2024-04-27,Eggs,6.36
2024-04-27,Cocoa,691.88
2024-04-28,Flour,49.93
2024-04-28,Butter,477.52
2024-04-28,Sugar,41.23
2024-04-28,Eggs,6.38
2024-04-28,Cocoa,698.59
2024-04-29,Flour,49.77
2024-04-29,Butter,477.18
2024-04-29,Sugar,41.53
2024-04-29,Eggs,6.3
2024-04-29,Cocoa,708.07
2024-04-30,Flour,49.27
2024-04-30,Butter,468.02
2024-04-30,Sugar,41.55
2024-04-30,Eggs,6.4
2024-04-30,Cocoa,710.72
2024-05-01,Flour,49.53
2024-05-01,Butter,468.46
2024-05-01,Sugar,41.49
2024-05-01,Eggs,6.3
2024-05-01,Cocoa,694.82
2024-05-02,Flour,49.53
2024-05-02,Butter,474.99
2024-05-02,Sugar,41.65
2024-05-02,Eggs,6.33
2024-05-02,Cocoa,704.21
2024-05-03,Flour,49.58
2024-05-03,Butter,474.51
2024-05-03,Sugar,41.31
2024-05-03,Eggs,6.45
2024-05-03,Cocoa,706.55
2024-05-04,Flour,49.07
2024-05-04,Butter,468.99
2024-05-04,Sugar,41.85
2024-05-04,Eggs,6.37
2024-05-04,Cocoa,717.47
2024-05-05,Flour,47.74
2024-05-05,Butter,476.04
2024-05-05,Sugar,42.06
2024-05-05,Eggs,6.37
2024-05-05,Cocoa,714.98
2024-05-06,Flour,48.54
2024-05-06,Butter,479.52
2024-05-06,Sugar,41.68
2024-05-06,Eggs,6.26
2024-05-06,Cocoa,714.83
2024-05-07,Flour,48.47
2024-05-07,Butter,472.23
2024-05-07,Sugar,41.66
2024-05-07,Eggs,6.22
2024-05-07,Cocoa,713.6
2024-05-08,Flour,48.73
2024-05-08,Butter,479.55
2024-05-08,Sugar,42.05
2024-05-08,Eggs,6.18
2024-05-08,Cocoa,714.72
2024-05-09,Flour,48.68
2024-05-09,Butter,473.16
2024-05-09,Sugar,42.21
2024-05-09,Eggs,6.28
2024-05-09,Cocoa,713.64
2024-05-10,Flour,47.89
2024-05-10,Butter,473.45
2024-05-10,Sugar,41.7
2024-05-10,Eggs,6.33
2024-05-10,Cocoa,715.78
2024-05-11,Flour,47.75
2024-05-11,Butter,471.99
2024-05-11,Sugar,41.62
2024-05-11,Eggs,6.32
2024-05-11,Cocoa,709.44
2024-05-12,Flour,47.08
2024-05-12,Butter,477.61
2024-05-12,Sugar,41.46
2024-05-12,Eggs,6.33
2024-05-12,Cocoa,710.11
2024-05-13,Flour,47.18
2024-05-13,Butter,472.03
2024-05-13,Sugar,40.77
2024-05-13,Eggs,6.29
2024-05-13,Cocoa,711.48
2024-05-14,Flour,46.81
2024-05-14,Butter,470.48
2024-05-14,Sugar,41.69
2024-05-14,Eggs,6.17
2024-05-14,Cocoa,705.34
2024-05-15,Flour,47.62
2024-05-15,Butter,470.46
2024-05-15,Sugar,41.4
2024-05-15,Eggs,6.24
2024-05-15,Cocoa,704.59
2024-05-16,Flour,47.42
2024-05-16,Butter,471.57
2024-05-16,Sugar,41.13
2024-05-16,Eggs,6.17
2024-05-16,Cocoa,702.76
2024-05-17,Flour,46.91
2024-05-17,Butter,471.79
2024-05-17,Sugar,41.3
2024-05-17,Eggs,6.22
2024-05-17,Cocoa,709.04
2024-05-18,Flour,46.69
2024-05-18,Butter,474.35
2024-05-18,Sugar,41.52
2024-05-18,Eggs,6.23
2024-05-18,Cocoa,704.74
2024-05-19,Flour,46.19
2024-05-19,Butter,476.88
2024-05-19,Sugar,40.81
2024-05-19,Eggs,6.21
2024-05-19,Cocoa,687.05
2024-05-20,Flour,45.57
2024-05-20,Butter,472.73
2024-05-20,Sugar,41.3
2024-05-20,Eggs,6.25
2024-05-20,Cocoa,682.71
2024-05-21,Flour,45.89
2024-05-21,Butter,477.14
2024-05-21,Sugar,41.24
2024-05-21,Eggs,6.16
2024-05-21,Cocoa,680.7
2024-05-22,Flour,45.82
2024-05-22,Butter,471.28
2024-05-22,Sugar,41.41
2024-05-22,Eggs,6.17
2024-05-22,Cocoa,682.98
2024-05-23,Flour,45.93
2024-05-23,Butter,474.95
2024-05-23,Sugar,41.35
2024-05-23,Eggs,6.18
2024-05-23,Cocoa,679.74
2024-05-24,Flour,45.65
2024-05-24,Butter,481.48
2024-05-24,Sugar,40.5
2024-05-24,Eggs,6.23
2024-05-24,Cocoa,675.11
2024-05-25,Flour,45.3
2024-05-25,Butter,482.71
2024-05-25,Sugar,39.91
2024-05-25,Eggs,6.18
2024-05-25,Cocoa,669.09
2024-05-26,Flour,45.2
2024-05-26,Butter,478.79
2024-05-26,Sugar,40.62
2024-05-26,Eggs,6.28
2024-05-26,Cocoa,655.56
2024-05-27,Flour,45.44
2024-05-27,Butter,482.94
2024-05-27,Sugar,40.88
2024-05-27,Eggs,6.24
2024-05-27,Cocoa,653.86
2024-05-28,Flour,45.09
2024-05-28,Butter,480.86
2024-05-28,Sugar,40.39
2024-05-28,Eggs,6.23
2024-05-28,Cocoa,644.02
2024-05-29,Flour,45.0
2024-05-29,Butter,474.85
2024-05-29,Sugar,40.51
2024-05-29,Eggs,6.18
2024-05-29,Cocoa,646.03
2024-05-30,Flour,45.49
2024-05-30,Butter,482.58
2024-05-30,Sugar,39.48
2024-05-30,Eggs,6.13
2024-05-30,Cocoa,644.14
2024-05-31,Flour,45.68
2024-05-31,Butter,474.61
2024-05-31,Sugar,39.12
2024-05-31,Eggs,6.13
2024-05-31,Cocoa,644.81
2024-06-01,Flour,45.84
2024-06-01,Butter,476.85
2024-06-01,Sugar,39.32
2024-06-01,Eggs,6.14
2024-06-01,Cocoa,645.27
2024-06-02,Flour,46.12
2024-06-02,Butter,466.16
2024-06-02,Sugar,40.02
2024-06-02,Eggs,6.01
2024-06-02,Cocoa,638.35
2024-06-03,Flour,46.0
2024-06-03,Butter,469.67
2024-06-03,Sugar,38.8
2024-06-03,Eggs,6.0
2024-06-03,Cocoa,643.73
2024-06-04,Flour,46.43
2024-06-04,Butter,466.53
2024-06-04,Sugar,38.74
2024-06-04,Eggs,5.97
2024-06-04,Cocoa,641.31
2024-06-05,Flour,45.93
2024-06-05,Butter,462.53
2024-06-05,Sugar,38.99
2024-06-05,Eggs,5.98
2024-06-05,Cocoa,644.68
2024-06-06,Flour,46.01
2024-06-06,Butter,466.26
2024-06-06,Sugar,39.42
2024-06-06,Eggs,5.87
2024-06-06,Cocoa,639.23
2024-06-07,Flour,45.89
2024-06-07,Butter,466.42
2024-06-07,Sugar,39.19
2024-06-07,Eggs,5.93
2024-06-07,Cocoa,652.32
2024-06-08,Flour,45.95
2024-06-08,Butter,467.1
2024-06-08,Sugar,39.6
2024-06-08,Eggs,5.82
2024-06-08,Cocoa,652.45
2024-06-09,Flour,46.37
2024-06-09,Butter,464.27
2024-06-09,Sugar,39.13
2024-06-09,Eggs,5.81
2024-06-09,Cocoa,652.01
2024-06-10,Flour,45.94
2024-06-10,Butter,474.65
2024-06-10,Sugar,38.99
2024-06-10,Eggs,5.75
2024-06-10,Cocoa,651.36
2024-06-11,Flour,46.33
2024-06-11,Butter,474.84
2024-06-11,Sugar,39.25
2024-06-11,Eggs,5.7
2024-06-11,Cocoa,661.0
2024-06-12,Flour,46.55
2024-06-12,Butter,479.97
2024-06-12,Sugar,39.46
2024-06-12,Eggs,5.75
2024-06-12,Cocoa,655.11
2024-06-13,Flour,46.3
2024-06-13,Butter,486.43
2024-06-13,Sugar,40.17
2024-06-13,Eggs,5.69
2024-06-13,Cocoa,656.63
2024-06-14,Flour,46.08
2024-06-14,Butter,482.96
2024-06-14,Sugar,40.32
2024-06-14,Eggs,5.76
2024-06-14,Cocoa,659.43
2024-06-15,Flour,45.92
2024-06-15,Butter,485.37
2024-06-15,Sugar,40.21
2024-06-15,Eggs,5.79
2024-06-15,Cocoa,668.32
2024-06-16,Flour,44.96
2024-06-16,Butter,489.09
2024-06-16,Sugar,39.59
2024-06-16,Eggs,5.87
2024-06-16,Cocoa,663.82
2024-06-17,Flour,44.42
2024-06-17,Butter,492.25
2024-06-17,Sugar,39.8
2024-06-17,Eggs,5.81
2024-06-17,Cocoa,655.39
2024-06-18,Flour,44.34
2024-06-18,Butter,486.22
2024-06-18,Sugar,39.39
2024-06-18,Eggs,5.83
2024-06-18,Cocoa,649.01
2024-06-19,Flour,44.55
2024-06-19,Butter,493.25
2024-06-19,Sugar,39.38
2024-06-19,Eggs,5.84
2024-06-19,Cocoa,662.15
2024-06-20,Flour,44.02
2024-06-20,Butter,498.7
2024-06-20,Sugar,39.89
2024-06-20,Eggs,5.89
2024-06-20,Cocoa,670.3
2024-06-21,Flour,44.17
2024-06-21,Butter,495.53
2024-06-21,Sugar,40.39
2024-06-21,Eggs,5.96
2024-06-21,Cocoa,677.08
2024-06-22,Flour,44.2
2024-06-22,Butter,491.78
2024-06-22,Sugar,40.5
2024-06-22,Eggs,6.02
2024-06-22,Cocoa,683.19
2024-06-23,Flour,44.03
2024-06-23,Butter,493.06
2024-06-23,Sugar,39.98
2024-06-23,Eggs,6.08
2024-06-23,Cocoa,677.44
2024-06-24,Flour,44.4
2024-06-24,Butter,487.28
2024-06-24,Sugar,40.45
2024-06-24,Eggs,6.1
2024-06-24,Cocoa,671.81
2024-06-25,Flour,44.72
2024-06-25,Butter,484.3
2024-06-25,Sugar,40.8
2024-06-25,Eggs,6.08
2024-06-25,Cocoa,660.19
2024-06-26,Flour,44.29
2024-06-26,Butter,482.15
2024-06-26,Sugar,41.4
2024-06-26,Eggs,6.13
2024-06-26,Cocoa,670.54
2024-06-27,Flour,45.05
2024-06-27,Butter,479.54
2024-06-27,Sugar,41.33
2024-06-27,Eggs,6.1
2024-06-27,Cocoa,665.76
2024-06-28,Flour,44.22
2024-06-28,Butter,479.48
2024-06-28,Sugar,40.81
2024-06-28,Eggs,6.1
2024-06-28,Cocoa,679.2
2024-06-29,Flour,44.0
2024-06-29,Butter,480.42
2024-06-29,Sugar,41.21
2024-06-29,Eggs,6.11
2024-06-29,Cocoa,680.52
2024-06-30,Flour,43.86
2024-06-30,Butter,479.3
2024-06-30,Sugar,40.82
2024-06-30,Eggs,6.16
2024-06-30,Cocoa,668.59
2024-07-01,Flour,44.32
2024-07-01,Butter,472.58
2024-07-01,Sugar,41.25
2024-07-01,Eggs,6.14
2024-07-01,Cocoa,660.21
2024-07-02,Flour,44.59
2024-07-02,Butter,477.19
2024-07-02,Sugar,41.08
2024-07-02,Eggs,6.18
2024-07-02,Cocoa,645.15
2024-07-03,Flour,44.01
2024-07-03,Butter,483.45
2024-07-03,Sugar,41.01
2024-07-03,Eggs,6.06
2024-07-03,Cocoa,640.71
2024-07-04,Flour,43.61
2024-07-04,Butter,482.58
2024-07-04,Sugar,40.87
2024-07-04,Eggs,6.07
2024-07-04,Cocoa,640.44
2024-07-05,Flour,44.25
2024-07-05,Butter,484.57
2024-07-05,Sugar,41.08
2024-07-05,Eggs,6.14
2024-07-05,Cocoa,638.11
2024-07-06,Flour,43.7
2024-07-06,Butter,490.27
2024-07-06,Sugar,41.16
2024-07-06,Eggs,6.15
2024-07-06,Cocoa,634.23
2024-07-07,Flour,43.45
2024-07-07,Butter,494.13
2024-07-07,Sugar,41.59
2024-07-07,Eggs,6.19
2024-07-07,Cocoa,639.7
2024-07-08,Flour,43.73
2024-07-08,Butter,494.48
2024-07-08,Sugar,41.52
2024-07-08,Eggs,6.26
2024-07-08,Cocoa,637.47
2024-07-09,Flour,43.93
2024-07-09,Butter,490.33
2024-07-09,Sugar,41.26
2024-07-09,Eggs,6.24
2024-07-09,Cocoa,632.5
2024-07-10,Flour,44.31
2024-07-10,Butter,483.65
2024-07-10,Sugar,41.31
2024-07-10,Eggs,6.24
2024-07-10,Cocoa,621.08
2024-07-11,Flour,44.12
2024-07-11,Butter,484.8
2024-07-11,Sugar,41.51
2024-07-11,Eggs,6.23
2024-07-11,Cocoa,626.06
2024-07-12,Flour,44.09
2024-07-12,Butter,484.77
2024-07-12,Sugar,41.62
2024-07-12,Eggs,6.28
2024-07-12,Cocoa,622.14
2024-07-13,Flour,43.89
2024-07-13,Butter,481.47
2024-07-13,Sugar,41.49
2024-07-13,Eggs,6.36
2024-07-13,Cocoa,626.42
2024-07-14,Flour,43.4
2024-07-14,Butter,478.56
2024-07-14,Sugar,41.66
2024-07-14,Eggs,6.29
2024-07-14,Cocoa,622.18
2024-07-15,Flour,44.04
2024-07-15,Butter,475.64
2024-07-15,Sugar,42.07
2024-07-15,Eggs,6.36
2024-07-15,Cocoa,617.97
2024-07-16,Flour,43.66
2024-07-16,Butter,474.4
2024-07-16,Sugar,41.61
2024-07-16,Eggs,6.36
2024-07-16,Cocoa,617.27
2024-07-17,Flour,43.85
2024-07-17,Butter,481.22
2024-07-17,Sugar,41.96
2024-07-17,Eggs,6.39
2024-07-17,Cocoa,605.15
2024-07-18,Flour,44.07
2024-07-18,Butter,489.46
2024-07-18,Sugar,40.69
2024-07-18,Eggs,6.42
2024-07-18,Cocoa,605.01
2024-07-19,Flour,43.71
2024-07-19,Butter,493.12
2024-07-19,Sugar,41.44
2024-07-19,Eggs,6.46
2024-07-19,Cocoa,603.5
2024-07-20,Flour,43.31
2024-07-20,Butter,493.55
2024-07-20,Sugar,41.82
2024-07-20,Eggs,6.43
2024-07-20,Cocoa,602.54
2024-07-21,Flour,44.61
2024-07-21,Butter,498.46
2024-07-21,Sugar,42.3
2024-07-21,Eggs,6.33
2024-07-21,Cocoa,598.89
2024-07-22,Flour,44.65
2024-07-22,Butter,493.28
2024-07-22,Sugar,42.97
2024-07-22,Eggs,6.41
2024-07-22,Cocoa,596.45
2024-07-23,Flour,45.46
2024-07-23,Butter,493.0
2024-07-23,Sugar,44.04
2024-07-23,Eggs,6.41
2024-07-23,Cocoa,601.26
2024-07-24,Flour,46.08
2024-07-24,Butter,498.87
2024-07-24,Sugar,44.21
2024-07-24,Eggs,6.39
2024-07-24,Cocoa,605.58
2024-07-25,Flour,45.69
2024-07-25,Butter,499.22
2024-07-25,Sugar,43.7
2024-07-25,Eggs,6.28
2024-07-25,Cocoa,606.79
2024-07-26,Flour,46.25
2024-07-26,Butter,503.28
2024-07-26,Sugar,43.63
2024-07-26,Eggs,6.38
2024-07-26,Cocoa,603.96
2024-07-27,Flour,45.36
2024-07-27,Butter,492.34
2024-07-27,Sugar,43.1
2024-07-27,Eggs,6.42
2024-07-27,Cocoa,600.75
2024-07-28,Flour,45.56
2024-07-28,Butter,500.0
2024-07-28,Sugar,42.62
2024-07-28,Eggs,6.44
2024-07-28,Cocoa,605.24
2024-07-29,Flour,45.16
2024-07-29,Butter,506.1
2024-07-29,Sugar,42.49
2024-07-29,Eggs,6.41
2024-07-29,Cocoa,619.86
2024-07-30,Flour,45.39
2024-07-30,Butter,510.02
2024-07-30,Sugar,43.05
2024-07-30,Eggs,6.36
2024-07-30,Cocoa,628.59
2024-07-31,Flour,45.16
2024-07-31,Butter,506.8
2024-07-31,Sugar,42.91
2024-07-31,Eggs,6.31
2024-07-31,Cocoa,634.36
2024-08-01,Flour,45.28
2024-08-01,Butter,503.91
2024-08-01,Sugar,43.18
2024-08-01,Eggs,6.29
2024-08-01,Cocoa,632.54
2024-08-02,Flour,45.29
2024-08-02,Butter,505.66
2024-08-02,Sugar,43.32
2024-08-02,Eggs,6.26
2024-08-02,Cocoa,638.4
2024-08-03,Flour,45.19
2024-08-03,Butter,502.0
2024-08-03,Sugar,42.67
2024-08-03,Eggs,6.32
2024-08-03,Cocoa,638.71
2024-08-04,Flour,45.28
2024-08-04,Butter,506.58
2024-08-04,Sugar,42.46
2024-08-04,Eggs,6.23
2024-08-04,Cocoa,639.39
2024-08-05,Flour,45.41
2024-08-05,Butter,504.79
2024-08-05,Sugar,43.07
2024-08-05,Eggs,6.08
2024-08-05,Cocoa,646.88
2024-08-06,Flour,45.76
2024-08-06,Butter,506.48
2024-08-06,Sugar,41.65
2024-08-06,Eggs,6.15
2024-08-06,Cocoa,640.27
2024-08-07,Flour,45.52
2024-08-07,Butter,505.13
2024-08-07,Sugar,41.83
2024-08-07,Eggs,6.19
2024-08-07,Cocoa,646.27
2024-08-08,Flour,45.87
2024-08-08,Butter,505.85
2024-08-08,Sugar,42.0
2024-08-08,Eggs,6.12
2024-08-08,Cocoa,641.46
2024-08-09,Flour,46.26
2024-08-09,Butter,509.35
2024-08-09,Sugar,42.31
2024-08-09,Eggs,6.08
2024-08-09,Cocoa,647.55
2024-08-10,Flour,45.71
2024-08-10,Butter,513.93
2024-08-10,Sugar,42.19
2024-08-10,Eggs,6.18
2024-08-10,Cocoa,637.71
2024-08-11,Flour,46.49
2024-08-11,Butter,511.52
2024-08-11,Sugar,42.03
2024-08-11,Eggs,6.19
2024-08-11,Cocoa,633.43
2024-08-12,Flour,46.43
2024-08-12,Butter,507.35
2024-08-12,Sugar,41.73
2024-08-12,Eggs,6.22
2024-08-12,Cocoa,627.9
2024-08-13,Flour,46.05
2024-08-13,Butter,500.21
2024-08-13,Sugar,41.53
2024-08-13,Eggs,6.29
2024-08-13,Cocoa,622.84
2024-08-14,Flour,45.7
2024-08-14,Butter,500.74
2024-08-14,Sugar,41.38
2024-08-14,Eggs,6.42
2024-08-14,Cocoa,622.33
2024-08-15,Flour,45.84
2024-08-15,Butter,504.85
2024-08-15,Sugar,41.78
2024-08-15,Eggs,6.42
2024-08-15,Cocoa,621.83
2024-08-16,Flour,46.73
2024-08-16,Butter,503.88
2024-08-16,Sugar,41.6
2024-08-16,Eggs,6.38
2024-08-16,Cocoa,611.17
2024-08-17,Flour,47.07
2024-08-17,Butter,492.13
2024-08-17,Sugar,41.61
2024-08-17,Eggs,6.36
2024-08-17,Cocoa,626.51
2024-08-18,Flour,46.2
2024-08-18,Butter,487.56
2024-08-18,Sugar,41.56
2024-08-18,Eggs,6.34
2024-08-18,Cocoa,623.41
2024-08-19,Flour,46.14
2024-08-19,Butter,481.36
2024-08-19,Sugar,41.72
2024-08-19,Eggs,6.19
2024-08-19,Cocoa,623.77
2024-08-20,Flour,45.85
2024-08-20,Butter,486.21
2024-08-20,Sugar,42.46
2024-08-20,Eggs,6.17
2024-08-20,Cocoa,633.34
2024-08-21,Flour,45.69
2024-08-21,Butter,481.45
2024-08-21,Sugar,43.18
2024-08-21,Eggs,6.2
2024-08-21,Cocoa,633.7
2024-08-22,Flour,45.99
2024-08-22,Butter,482.74
2024-08-22,Sugar,43.13
2024-08-22,Eggs,6.11
2024-08-22,Cocoa,632.27
2024-08-23,Flour,46.25
2024-08-23,Butter,482.1
2024-08-23,Sugar,43.49
2024-08-23,Eggs,6.13
2024-08-23,Cocoa,626.91
2024-08-24,Flour,45.63
2024-08-24,Butter,481.3
2024-08-24,Sugar,43.24
2024-08-24,Eggs,6.15
2024-08-24,Cocoa,622.71
2024-08-25,Flour,45.34
2024-08-25,Butter,486.33
2024-08-25,Sugar,43.27
2024-08-25,Eggs,6.11
2024-08-25,Cocoa,623.37
2024-08-26,Flour,45.95
2024-08-26,Butter,487.61
2024-08-26,Sugar,43.5
2024-08-26,Eggs,6.06
2024-08-26,Cocoa,630.57
2024-08-27,Flour,46.98
2024-08-27,Butter,483.66
2024-08-27,Sugar,42.97
2024-08-27,Eggs,6.07
2024-08-27,Cocoa,636.65
2024-08-28,Flour,46.9
2024-08-28,Butter,478.53
2024-08-28,Sugar,42.91
2024-08-28,Eggs,6.1
2024-08-28,Cocoa,634.27
2024-08-29,Flour,47.13
2024-08-29,Butter,484.15
2024-08-29,Sugar,42.99
2024-08-29,Eggs,6.1
2024-08-29,Cocoa,639.98
2024-08-30,Flour,46.7
2024-08-30,Butter,479.49
2024-08-30,Sugar,42.86
2024-08-30,Eggs,6.07
2024-08-30,Cocoa,634.96
2024-08-31,Flour,47.49
2024-08-31,Butter,489.92
2024-08-31,Sugar,42.69
2024-08-31,Eggs,6.07
2024-08-31,Cocoa,634.04
2024-09-01,Flour,47.94
2024-09-01,Butter,495.99
2024-09-01,Sugar,41.93
2024-09-01,Eggs,6.1
2024-09-01,Cocoa,625.86
2024-09-02,Flour,48.67
2024-09-02,Butter,497.78
2024-09-02,Sugar,41.59
2024-09-02,Eggs,6.08
2024-09-02,Cocoa,624.47
2024-09-03,Flour,48.84
2024-09-03,Butter,502.43
2024-09-03,Sugar,41.11
2024-09-03,Eggs,6.19
2024-09-03,Cocoa,635.41
2024-09-04,Flour,48.37
2024-09-04,Butter,502.33
2024-09-04,Sugar,41.85
2024-09-04,Eggs,6.26
2024-09-04,Cocoa,633.52
2024-09-05,Flour,48.67
2024-09-05,Butter,516.27
2024-09-05,Sugar,41.9
2024-09-05,Eggs,6.22
2024-09-05,Cocoa,634.97
2024-09-06,Flour,48.7
2024-09-06,Butter,513.03
2024-09-06,Sugar,42.08
2024-09-06,Eggs,6.14
2024-09-06,Cocoa,630.94
2024-09-07,Flour,48.97
2024-09-07,Butter,503.94
2024-09-07,Sugar,42.46
2024-09-07,Eggs,6.01
2024-09-07,Cocoa,620.07
2024-09-08,Flour,48.67
2024-09-08,Butter,504.84
2024-09-08,Sugar,43.01
2024-09-08,Eggs,6.02
2024-09-08,Cocoa,619.06
2024-09-09,Flour,48.85
2024-09-09,Butter,500.16
2024-09-09,Sugar,43.05
2024-09-09,Eggs,5.95
2024-09-09,Cocoa,620.22
2024-09-10,Flour,48.72
2024-09-10,Butter,495.9
2024-09-10,Sugar,43.1
2024-09-10,Eggs,5.96
2024-09-10,Cocoa,628.46
2024-09-11,Flour,47.92
2024-09-11,Butter,495.22
2024-09-11,Sugar,42.75
2024-09-11,Eggs,6.01
2024-09-11,Cocoa,633.79
2024-09-12,Flour,48.09
2024-09-12,Butter,491.53
2024-09-12,Sugar,43.11
2024-09-12,Eggs,5.92
2024-09-12,Cocoa,622.83
2024-09-13,Flour,47.46
2024-09-13,Butter,491.14
2024-09-13,Sugar,43.37
2024-09-13,Eggs,5.74
2024-09-13,Cocoa,631.97
2024-09-14,Flour,47.47
2024-09-14,Butter,483.4
2024-09-14,Sugar,43.39
2024-09-14,Eggs,5.81
2024-09-14,Cocoa,636.23
2024-09-15,Flour,47.91
2024-09-15,Butter,476.77
2024-09-15,Sugar,43.19
2024-09-15,Eggs,5.76
2024-09-15,Cocoa,647.67
2024-09-16,Flour,48.14
2024-09-16,Butter,490.5
2024-09-16,Sugar,42.97
2024-09-16,Eggs,5.72
2024-09-16,Cocoa,646.79
2024-09-17,Flour,48.7
2024-09-17,Butter,488.53
2024-09-17,Sugar,43.0
2024-09-17,Eggs,5.73
2024-09-17,Cocoa,647.11
2024-09-18,Flour,48.33
2024-09-18,Butter,487.7
2024-09-18,Sugar,42.9
2024-09-18,Eggs,5.74
2024-09-18,Cocoa,653.3
2024-09-19,Flour,49.06
2024-09-19,Butter,483.51
2024-09-19,Sugar,42.72
2024-09-19,Eggs,5.69
2024-09-19,Cocoa,654.45
2024-09-20,Flour,48.73
2024-09-20,Butter,484.6
2024-09-20,Sugar,43.17
2024-09-20,Eggs,5.55
2024-09-20,Cocoa,657.56
2024-09-21,Flour,48.45
2024-09-21,Butter,486.71
2024-09-21,Sugar,42.77
2024-09-21,Eggs,5.63
2024-09-21,Cocoa,663.34
2024-09-22,Flour,48.64
2024-09-22,Butter,490.39
2024-09-22,Sugar,42.44
2024-09-22,Eggs,5.6
2024-09-22,Cocoa,667.97
2024-09-23,Flour,48.22
2024-09-23,Butter,497.12
2024-09-23,Sugar,42.3
2024-09-23,Eggs,5.64
2024-09-23,Cocoa,681.25
2024-09-24,Flour,47.84
2024-09-24,Butter,497.11
2024-09-24,Sugar,42.73
2024-09-24,Eggs,5.7
2024-09-24,Cocoa,678.5
2024-09-25,Flour,47.55
2024-09-25,Butter,495.64
2024-09-25,Sugar,43.33
2024-09-25,Eggs,5.69
2024-09-25,Cocoa,678.43
2024-09-26,Flour,47.3
2024-09-26,Butter,498.72
2024-09-26,Sugar,43.37
2024-09-26,Eggs,5.64
2024-09-26,Cocoa,671.57
2024-09-27,Flour,46.36
2024-09-27,Butter,494.35
2024-09-27,Sugar,43.67
2024-09-27,Eggs,5.72
2024-09-27,Cocoa,675.59
2024-09-28,Flour,46.58
2024-09-28,Butter,493.46
2024-09-28,Sugar,43.96
2024-09-28,Eggs,5.75
2024-09-28,Cocoa,686.81
2024-09-29,Flour,46.51
2024-09-29,Butter,499.64
2024-09-29,Sugar,44.29
2024-09-29,Eggs,5.79
2024-09-29,Cocoa,673.0
2024-09-30,Flour,46.89
2024-09-30,Butter,498.63
2024-09-30,Sugar,44.06
2024-09-30,Eggs,5.71
2024-09-30,Cocoa,672.5
2024-10-01,Flour,46.87
2024-10-01,Butter,492.0
2024-10-01,Sugar,43.4
2024-10-01,Eggs,5.74
2024-10-01,Cocoa,677.72
2024-10-02,Flour,46.92
2024-10-02,Butter,497.29
2024-10-02,Sugar,43.33
2024-10-02,Eggs,5.75
2024-10-02,Cocoa,671.2
2024-10-03,Flour,46.18
2024-10-03,Butter,505.84
2024-10-03,Sugar,43.78
2024-10-03,Eggs,5.67
2024-10-03,Cocoa,671.79
2024-10-04,Flour,46.11
2024-10-04,Butter,504.01
2024-10-04,Sugar,43.58
2024-10-04,Eggs,5.7
2024-10-04,Cocoa,676.67
2024-10-05,Flour,46.27
2024-10-05,Butter,502.95
2024-10-05,Sugar,43.48
2024-10-05,Eggs,5.76
2024-10-05,Cocoa,679.15
2024-10-06,Flour,46.28
2024-10-06,Butter,502.32
2024-10-06,Sugar,43.59
2024-10-06,Eggs,5.74
2024-10-06,Cocoa,683.91
2024-10-07,Flour,45.77
2024-10-07,Butter,499.9
2024-10-07,Sugar,43.82
2024-10-07,Eggs,5.67
2024-10-07,Cocoa,673.01
2024-10-08,Flour,45.78
2024-10-08,Butter,491.36
2024-10-08,Sugar,43.24
2024-10-08,Eggs,5.73
2024-10-08,Cocoa,671.22
2024-10-09,Flour,46.34
2024-10-09,Butter,485.35
2024-10-09,Sugar,43.17
2024-10-09,Eggs,5.76
2024-10-09,Cocoa,663.18
2024-10-10,Flour,46.78
2024-10-10,Butter,487.69
2024-10-10,Sugar,42.47
2024-10-10,Eggs,5.76
2024-10-10,Cocoa,665.43
2024-10-11,Flour,46.48
2024-10-11,Butter,480.44
2024-10-11,Sugar,42.58
2024-10-11,Eggs,5.9
2024-10-11,Cocoa,662.6
2024-10-12,Flour,47.16
2024-10-12,Butter,476.82
2024-10-12,Sugar,42.66
2024-10-12,Eggs,5.94
2024-10-12,Cocoa,662.3
2024-10-13,Flour,46.98
2024-10-13,Butter,480.37
2024-10-13,Sugar,43.44
2024-10-13,Eggs,5.96
2024-10-13,Cocoa,658.7
2024-10-14,Flour,46.85
2024-10-14,Butter,492.45
2024-10-14,Sugar,43.47
2024-10-14,Eggs,5.93
2024-10-14,Cocoa,651.08
2024-10-15,Flour,45.99
2024-10-15,Butter,493.95
2024-10-15,Sugar,43.71
2024-10-15,Eggs,5.91
2024-10-15,Cocoa,650.96
2024-10-16,Flour,45.45
2024-10-16,Butter,494.31
2024-10-16,Sugar,43.88
2024-10-16,Eggs,5.88
2024-10-16,Cocoa,661.93
2024-10-17,Flour,45.06
2024-10-17,Butter,495.38
2024-10-17,Sugar,44.2
2024-10-17,Eggs,5.87
2024-10-17,Cocoa,660.47
2024-10-18,Flour,44.42
2024-10-18,Butter,501.59
2024-10-18,Sugar,44.09
2024-10-18,Eggs,5.91
2024-10-18,Cocoa,664.63
2024-10-19,Flour,44.15
2024-10-19,Butter,500.21
2024-10-19,Sugar,44.6
2024-10-19,Eggs,5.84
2024-10-19,Cocoa,678.17
2024-10-20,Flour,43.83
2024-10-20,Butter,494.14
2024-10-20,Sugar,44.61
2024-10-20,Eggs,5.98
2024-10-20,Cocoa,665.18
2024-10-21,Flour,43.79
2024-10-21,Butter,496.15
2024-10-21,Sugar,44.57
2024-10-21,Eggs,6.0
2024-10-21,Cocoa,660.21
2024-10-22,Flour,43.54
2024-10-22,Butter,495.11
2024-10-22,Sugar,44.04
2024-10-22,Eggs,6.0
2024-10-22,Cocoa,657.48
2024-10-23,Flour,43.36
2024-10-23,Butter,496.35
2024-10-23,Sugar,43.24
2024-10-23,Eggs,5.99
2024-10-23,Cocoa,672.4
2024-10-24,Flour,42.9
2024-10-24,Butter,502.19
2024-10-24,Sugar,43.24
2024-10-24,Eggs,5.95
2024-10-24,Cocoa,663.36
2024-10-25,Flour,43.01
2024-10-25,Butter,508.72
2024-10-25,Sugar,43.05
2024-10-25,Eggs,5.95
2024-10-25,Cocoa,669.66
2024-10-26,Flour,43.2
2024-10-26,Butter,500.6
2024-10-26,Sugar,43.07
2024-10-26,Eggs,6.04
2024-10-26,Cocoa,669.03
2024-10-27,Flour,42.01
2024-10-27,Butter,502.05
2024-10-27,Sugar,42.96
2024-10-27,Eggs,5.93
2024-10-27,Cocoa,657.73
2024-10-28,Flour,42.5
2024-10-28,Butter,498.1
2024-10-28,Sugar,42.56
2024-10-28,Eggs,5.93
2024-10-28,Cocoa,653.39
2024-10-29,Flour,42.6
2024-10-29,Butter,496.76
2024-10-29,Sugar,42.05
2024-10-29,Eggs,5.9
2024-10-29,Cocoa,656.2
2024-10-30,Flour,42.67
2024-10-30,Butter,496.03
2024-10-30,Sugar,42.86
2024-10-30,Eggs,5.94
2024-10-30,Cocoa,661.62
2024-10-31,Flour,42.64
2024-10-31,Butter,496.77
2024-10-31,Sugar,42.66
2024-10-31,Eggs,5.99
2024-10-31,Cocoa,660.67
2024-11-01,Flour,42.78
2024-11-01,Butter,497.21
2024-11-01,Sugar,42.64
2024-11-01,Eggs,6.17
2024-11-01,Cocoa,656.12
2024-11-02,Flour,42.53
2024-11-02,Butter,500.19
2024-11-02,Sugar,42.38
2024-11-02,Eggs,6.15
2024-11-02,Cocoa,648.94
2024-11-03,Flour,42.8
2024-11-03,Butter,502.21
2024-11-03,Sugar,42.24
2024-11-03,Eggs,6.19
2024-11-03,Cocoa,636.88
2024-11-04,Flour,42.52
2024-11-04,Butter,500.95
2024-11-04,Sugar,41.74
2024-11-04,Eggs,6.08
2024-11-04,Cocoa,635.14
2024-11-05,Flour,42.88
2024-11-05,Butter,506.69
2024-11-05,Sugar,41.52
2024-11-05,Eggs,6.12
2024-11-05,Cocoa,639.58
2024-11-06,Flour,43.47
2024-11-06,Butter,504.47
2024-11-06,Sugar,40.77
2024-11-06,Eggs,6.12
2024-11-06,Cocoa,633.2
2024-11-07,Flour,43.18
2024-11-07,Butter,502.54
2024-11-07,Sugar,40.65
2024-11-07,Eggs,6.13
2024-11-07,Cocoa,638.1
2024-11-08,Flour,43.05
2024-11-08,Butter,503.98
2024-11-08,Sugar,40.69
2024-11-08,Eggs,6.18
2024-11-08,Cocoa,637.12
2024-11-09,Flour,43.05
2024-11-09,Butter,501.71
2024-11-09,Sugar,40.64
2024-11-09,Eggs,6.13
2024-11-09,Cocoa,631.64
2024-11-10,Flour,43.44
2024-11-10,Butter,496.07
2024-11-10,Sugar,40.54
2024-11-10,Eggs,6.19
2024-11-10,Cocoa,629.71
2024-11-11,Flour,43.85
2024-11-11,Butter,492.92
2024-11-11,Sugar,40.13
2024-11-11,Eggs,6.09
2024-11-11,Cocoa,638.65
2024-11-12,Flour,43.36
2024-11-12,Butter,496.24
2024-11-12,Sugar,39.74
2024-11-12,Eggs,6.17
2024-11-12,Cocoa,653.22
2024-11-13,Flour,42.63
2024-11-13,Butter,490.71
2024-11-13,Sugar,40.11
2024-11-13,Eggs,6.19
2024-11-13,Cocoa,658.21
2024-11-14,Flour,42.42
2024-11-14,Butter,500.04
2024-11-14,Sugar,40.2
2024-11-14,Eggs,6.12
2024-11-14,Cocoa,656.4
2024-11-15,Flour,41.93
2024-11-15,Butter,507.27
2024-11-15,Sugar,39.96
2024-11-15,Eggs,6.14
2024-11-15,Cocoa,653.21
2024-11-16,Flour,41.71
2024-11-16,Butter,497.56
2024-11-16,Sugar,40.25
2024-11-16,Eggs,6.22
2024-11-16,Cocoa,647.19
2024-11-17,Flour,41.09
2024-11-17,Butter,501.06
2024-11-17,Sugar,39.59
2024-11-17,Eggs,6.29
2024-11-17,Cocoa,641.37
2024-11-18,Flour,40.67
2024-11-18,Butter,501.83
2024-11-18,Sugar,39.21
2024-11-18,Eggs,6.24
2024-11-18,Cocoa,643.84
2024-11-19,Flour,39.66
2024-11-19,Butter,509.28
2024-11-19,Sugar,39.28
2024-11-19,Eggs,6.16
2024-11-19,Cocoa,637.35
2024-11-20,Flour,40.21
2024-11-20,Butter,511.58
2024-11-20,Sugar,39.92
2024-11-20,Eggs,6.11
2024-11-20,Cocoa,639.53
2024-11-21,Flour,40.5
2024-11-21,Butter,514.29
2024-11-21,Sugar,40.43
2024-11-21,Eggs,6.07
2024-11-21,Cocoa,639.0
2024-11-22,Flour,40.32
2024-11-22,Butter,513.35
2024-11-22,Sugar,40.76
2024-11-22,Eggs,5.97
2024-11-22,Cocoa,646.43
2024-11-23,Flour,39.9
2024-11-23,Butter,511.21
2024-11-23,Sugar,41.3
2024-11-23,Eggs,5.99
2024-11-23,Cocoa,648.71
2024-11-24,Flour,39.47
2024-11-24,Butter,505.57
2024-11-24,Sugar,41.71
2024-11-24,Eggs,5.95
2024-11-24,Cocoa,645.52
2024-11-25,Flour,40.01
2024-11-25,Butter,500.02
2024-11-25,Sugar,41.83
2024-11-25,Eggs,5.96
2024-11-25,Cocoa,645.59
2024-11-26,Flour,39.88
2024-11-26,Butter,496.84
2024-11-26,Sugar,41.38
2024-11-26,Eggs,5.99
2024-11-26,Cocoa,641.34
2024-11-27,Flour,40.42
2024-11-27,Butter,495.42
2024-11-27,Sugar,40.95
2024-11-27,Eggs,5.97
2024-11-27,Cocoa,638.84
2024-11-28,Flour,40.96
2024-11-28,Butter,493.34
2024-11-28,Sugar,40.86
2024-11-28,Eggs,6.06
2024-11-28,Cocoa,642.37
2024-11-29,Flour,41.79
2024-11-29,Butter,499.12
2024-11-29,Sugar,40.51
2024-11-29,Eggs,6.12
2024-11-29,Cocoa,652.43
2024-11-30,Flour,42.55
2024-11-30,Butter,503.48
2024-11-30,Sugar,40.94
2024-11-30,Eggs,6.1
2024-11-30,Cocoa,646.94
2024-12-01,Flour,42.44
2024-12-01,Butter,495.02
2024-12-01,Sugar,41.53
2024-12-01,Eggs,6.08
2024-12-01,Cocoa,655.4
2024-12-02,Flour,41.93
2024-12-02,Butter,499.91
2024-12-02,Sugar,41.33
2024-12-02,Eggs,6.0
2024-12-02,Cocoa,665.87
2024-12-03,Flour,42.49
2024-12-03,Butter,500.53
2024-12-03,Sugar,41.36
2024-12-03,Eggs,6.02
2024-12-03,Cocoa,666.81
2024-12-04,Flour,42.19
2024-12-04,Butter,498.14
2024-12-04,Sugar,42.19
2024-12-04,Eggs,6.18
2024-12-04,Cocoa,676.63
2024-12-05,Flour,42.46
2024-12-05,Butter,496.16
2024-12-05,Sugar,41.85
2024-12-05,Eggs,6.14
2024-12-05,Cocoa,672.51
2024-12-06,Flour,43.48
2024-12-06,Butter,504.51
2024-12-06,Sugar,42.17
2024-12-06,Eggs,6.08
2024-12-06,Cocoa,677.86
2024-12-07,Flour,43.4
2024-12-07,Butter,493.68
2024-12-07,Sugar,42.29
2024-12-07,Eggs,6.02
2024-12-07,Cocoa,672.05
2024-12-08,Flour,43.32
2024-12-08,Butter,491.02
2024-12-08,Sugar,42.27
2024-12-08,Eggs,6.02
2024-12-08,Cocoa,659.42
2024-12-09,Flour,44.04
2024-12-09,Butter,486.08
2024-12-09,Sugar,41.86
2024-12-09,Eggs,6.0
2024-12-09,Cocoa,658.52
2024-12-10,Flour,44.71
2024-12-10,Butter,487.25
2024-12-10,Sugar,42.1
2024-12-10,Eggs,6.02
2024-12-10,Cocoa,659.86
2024-12-11,Flour,44.86
2024-12-11,Butter,477.83
2024-12-11,Sugar,42.0
2024-12-11,Eggs,6.08
2024-12-11,Cocoa,685.29
2024-12-12,Flour,44.32
2024-12-12,Butter,479.9
2024-12-12,Sugar,41.76
2024-12-12,Eggs,6.21
2024-12-12,Cocoa,675.78
2024-12-13,Flour,44.61
2024-12-13,Butter,473.15
2024-12-13,Sugar,41.63
2024-12-13,Eggs,6.2
2024-12-13,Cocoa,682.22
2024-12-14,Flour,44.14
2024-12-14,Butter,476.47
2024-12-14,Sugar,41.64
2024-12-14,Eggs,6.21
2024-12-14,Cocoa,687.8
2024-12-15,Flour,43.58
2024-12-15,Butter,480.43
2024-12-15,Sugar,41.41
2024-12-15,Eggs,6.27
2024-12-15,Cocoa,689.22
2024-12-16,Flour,43.51
2024-12-16,Butter,477.59
2024-12-16,Sugar,41.77
2024-12-16,Eggs,6.34
2024-12-16,Cocoa,684.97
2024-12-17,Flour,43.03
2024-12-17,Butter,480.97
2024-12-17,Sugar,41.16
2024-12-17,Eggs,6.26
2024-12-17,Cocoa,677.37
2024-12-18,Flour,42.88
2024-12-18,Butter,474.54
2024-12-18,Sugar,40.37
2024-12-18,Eggs,6.19
2024-12-18,Cocoa,681.0
2024-12-19,Flour,42.35
2024-12-19,Butter,473.01
2024-12-19,Sugar,41.22
2024-12-19,Eggs,6.18
2024-12-19,Cocoa,682.6
2024-12-20,Flour,41.98
2024-12-20,Butter,483.54
2024-12-20,Sugar,41.01
2024-12-20,Eggs,6.16
2024-12-20,Cocoa,690.51
2024-12-21,Flour,41.96
2024-12-21,Butter,483.7
2024-12-21,Sugar,40.91
2024-12-21,Eggs,6.14
2024-12-21,Cocoa,692.11
2024-12-22,Flour,42.27
2024-12-22,Butter,480.53
2024-12-22,Sugar,40.61
2024-12-22,Eggs,6.1
2024-12-22,Cocoa,682.16
2024-12-23,Flour,41.61
2024-12-23,Butter,481.95
2024-12-23,Sugar,41.03
2024-12-23,Eggs,6.15
2024-12-23,Cocoa,666.03
2024-12-24,Flour,41.57
2024-12-24,Butter,476.62
2024-12-24,Sugar,41.11
2024-12-24,Eggs,6.12
2024-12-24,Cocoa,669.56
2024-12-25,Flour,41.63
2024-12-25,Butter,467.59
2024-12-25,Sugar,40.72
2024-12-25,Eggs,6.12
2024-12-25,Cocoa,669.75
2024-12-26,Flour,41.06
2024-12-26,Butter,460.46
2024-12-26,Sugar,40.77
2024-12-26,Eggs,6.04
2024-12-26,Cocoa,658.51
2024-12-27,Flour,40.94
2024-12-27,Butter,458.51
2024-12-27,Sugar,40.43
2024-12-27,Eggs,5.99
2024-12-27,Cocoa,658.43
2024-12-28,Flour,40.7
2024-12-28,Butter,459.28
2024-12-28,Sugar,40.3
2024-12-28,Eggs,6.0
2024-12-28,Cocoa,663.97
2024-12-29,Flour,41.16
2024-12-29,Butter,465.87
2024-12-29,Sugar,40.68
2024-12-29,Eggs,6.02
2024-12-29,Cocoa,660.88
2024-12-30,Flour,41.06
2024-12-30,Butter,461.94
2024-12-30,Sugar,40.71
2024-12-30,Eggs,6.06
2024-12-30,Cocoa,655.94
2024-12-31,Flour,41.12
2024-12-31,Butter,459.05
2024-12-31,Sugar,40.83
2024-12-31,Eggs,6.02
2024-12-31,Cocoa,651.02
2025-01-01,Flour,40.9
2025-01-01,Butter,461.89
2025-01-01,Sugar,40.81
2025-01-01,Eggs,6.0
2025-01-01,Cocoa,652.69
2025-01-02,Flour,40.79
2025-01-02,Butter,467.66
2025-01-02,Sugar,40.42
2025-01-02,Eggs,5.99
2025-01-02,Cocoa,643.51
2025-01-03,Flour,40.72
2025-01-03,Butter,459.84
2025-01-03,Sugar,40.77
2025-01-03,Eggs,6.03
2025-01-03,Cocoa,648.74
2025-01-04,Flour,40.82
2025-01-04,Butter,456.02
2025-01-04,Sugar,40.46
2025-01-04,Eggs,6.12
2025-01-04,Cocoa,658.09
2025-01-05,Flour,40.96
2025-01-05,Butter,454.03
2025-01-05,Sugar,41.06
2025-01-05,Eggs,6.08
2025-01-05,Cocoa,659.42
2025-01-06,Flour,41.65
2025-01-06,Butter,450.53
2025-01-06,Sugar,41.43
2025-01-06,Eggs,6.11
2025-01-06,Cocoa,658.97
2025-01-07,Flour,41.27
2025-01-07,Butter,447.64
2025-01-07,Sugar,41.56
2025-01-07,Eggs,6.02
2025-01-07,Cocoa,659.64
2025-01-08,Flour,41.58
2025-01-08,Butter,453.02
2025-01-08,Sugar,40.98
2025-01-08,Eggs,6.1
2025-01-08,Cocoa,670.47
2025-01-09,Flour,41.84
2025-01-09,Butter,448.58
2025-01-09,Sugar,40.87
2025-01-09,Eggs,6.1
2025-01-09,Cocoa,671.82
2025-01-10,Flour,41.91
2025-01-10,Butter,450.55
2025-01-10,Sugar,40.85
2025-01-10,Eggs,6.11
2025-01-10,Cocoa,668.39
2025-01-11,Flour,41.82
2025-01-11,Butter,448.38
2025-01-11,Sugar,41.68
2025-01-11,Eggs,6.2
2025-01-11,Cocoa,671.63
2025-01-12,Flour,42.48
2025-01-12,Butter,452.84
2025-01-12,Sugar,41.76
2025-01-12,Eggs,6.1
2025-01-12,Cocoa,669.49
2025-01-13,Flour,42.38
2025-01-13,Butter,447.95
2025-01-13,Sugar,41.14
2025-01-13,Eggs,6.13
2025-01-13,Cocoa,671.21
2025-01-14,Flour,41.91
2025-01-14,Butter,445.01
2025-01-14,Sugar,41.65
2025-01-14,Eggs,6.07
2025-01-14,Cocoa,671.9
2025-01-15,Flour,41.88
2025-01-15,Butter,448.14
2025-01-15,Sugar,41.29
2025-01-15,Eggs,6.08
2025-01-15,Cocoa,672.56
2025-01-16,Flour,42.05
2025-01-16,Butter,449.16
2025-01-16,Sugar,41.45
2025-01-16,Eggs,6.21
2025-01-16,Cocoa,688.76
2025-01-17,Flour,41.82
2025-01-17,Butter,438.65
2025-01-17,Sugar,41.71
2025-01-17,Eggs,6.21
2025-01-17,Cocoa,694.88
2025-01-18,Flour,42.01
2025-01-18,Butter,439.75
2025-01-18,Sugar,42.19
2025-01-18,Eggs,6.29
2025-01-18,Cocoa,684.97
2025-01-19,Flour,41.7
2025-01-19,Butter,440.05
2025-01-19,Sugar,42.23
2025-01-19,Eggs,6.27
2025-01-19,Cocoa,687.09
2025-01-20,Flour,42.22
2025-01-20,Butter,449.12
2025-01-20,Sugar,42.47
2025-01-20,Eggs,6.21
2025-01-20,Cocoa,685.39
2025-01-21,Flour,42.24
2025-01-21,Butter,452.21
2025-01-21,Sugar,42.62
2025-01-21,Eggs,6.33
2025-01-21,Cocoa,681.68
2025-01-22,Flour,42.47
2025-01-22,Butter,464.07
2025-01-22,Sugar,42.37
2025-01-22,Eggs,6.33
2025-01-22,Cocoa,674.91
2025-01-23,Flour,42.56
2025-01-23,Butter,460.64
2025-01-23,Sugar,42.8
2025-01-23,Eggs,6.33
2025-01-23,Cocoa,668.33
2025-01-24,Flour,42.98
2025-01-24,Butter,461.89
2025-01-24,Sugar,43.18
2025-01-24,Eggs,6.26
2025-01-24,Cocoa,670.36
2025-01-25,Flour,43.37
2025-01-25,Butter,460.22
2025-01-25,Sugar,42.63
2025-01-25,Eggs,6.25
2025-01-25,Cocoa,677.94
2025-01-26,Flour,43.91
2025-01-26,Butter,458.56
2025-01-26,Sugar,42.08
2025-01-26,Eggs,6.22
2025-01-26,Cocoa,674.33
2025-01-27,Flour,44.13
2025-01-27,Butter,458.48
2025-01-27,Sugar,41.76
2025-01-27,Eggs,6.28
2025-01-27,Cocoa,674.76
2025-01-28,Flour,44.35
2025-01-28,Butter,450.63
2025-01-28,Sugar,40.75
2025-01-28,Eggs,6.19
2025-01-28,Cocoa,671.14
2025-01-29,Flour,44.62
2025-01-29,Butter,439.98
2025-01-29,Sugar,41.44
2025-01-29,Eggs,6.2
2025-01-29,Cocoa,679.56
2025-01-30,Flour,44.23
2025-01-30,Butter,443.2
2025-01-30,Sugar,41.49
2025-01-30,Eggs,6.24
2025-01-30,Cocoa,677.45
2025-01-31,Flour,44.46
2025-01-31,Butter,449.22
2025-01-31,Sugar,41.22
2025-01-31,Eggs,6.25
2025-01-31,Cocoa,664.63
2025-02-01,Flour,44.78
2025-02-01,Butter,459.22
2025-02-01,Sugar,40.72
2025-02-01,Eggs,6.24
2025-02-01,Cocoa,670.06
2025-02-02,Flour,44.8
2025-02-02,Butter,460.43
2025-02-02,Sugar,40.58
2025-02-02,Eggs,6.21
2025-02-02,Cocoa,669.09
2025-02-03,Flour,44.82
2025-02-03,Butter,455.15
2025-02-03,Sugar,40.58
2025-02-03,Eggs,6.3
2025-02-03,Cocoa,665.99
2025-02-04,Flour,44.27
2025-02-04,Butter,454.92
2025-02-04,Sugar,40.31
2025-02-04,Eggs,6.21
2025-02-04,Cocoa,666.57
2025-02-05,Flour,43.97
2025-02-05,Butter,452.42
2025-02-05,Sugar,40.41
2025-02-05,Eggs,6.12
2025-02-05,Cocoa,654.92
2025-02-06,Flour,44.29
2025-02-06,Butter,443.71
2025-02-06,Sugar,40.03
2025-02-06,Eggs,6.01
2025-02-06,Cocoa,651.66
2025-02-07,Flour,44.5
2025-02-07,Butter,444.97
2025-02-07,Sugar,41.07
2025-02-07,Eggs,6.07
2025-02-07,Cocoa,645.58
2025-02-08,Flour,43.97
2025-02-08,Butter,458.66
2025-02-08,Sugar,41.54
2025-02-08,Eggs,6.11
2025-02-08,Cocoa,646.15
2025-02-09,Flour,44.11
2025-02-09,Butter,451.98
2025-02-09,Sugar,41.61
2025-02-09,Eggs,6.11
2025-02-09,Cocoa,640.35
2025-02-10,Flour,43.89
2025-02-10,Butter,459.81
2025-02-10,Sugar,41.57
2025-02-10,Eggs,6.23
2025-02-10,Cocoa,629.23
2025-02-11,Flour,43.67
2025-02-11,Butter,452.79
2025-02-11,Sugar,41.07
2025-02-11,Eggs,6.18
2025-02-11,Cocoa,631.69
2025-02-12,Flour,43.82
2025-02-12,Butter,450.07
2025-02-12,Sugar,40.15
2025-02-12,Eggs,6.26
2025-02-12,Cocoa,630.2
2025-02-13,Flour,43.34
2025-02-13,Butter,451.99
2025-02-13,Sugar,40.27
2025-02-13,Eggs,6.24
2025-02-13,Cocoa,631.56
2025-02-14,Flour,42.86
2025-02-14,Butter,456.2
2025-02-14,Sugar,39.89
2025-02-14,Eggs,6.2
2025-02-14,Cocoa,636.15
2025-02-15,Flour,43.44
2025-02-15,Butter,464.29
2025-02-15,Sugar,40.38
2025-02-15,Eggs,6.17
2025-02-15,Cocoa,626.41
2025-02-16,Flour,44.1
2025-02-16,Butter,471.18
2025-02-16,Sugar,40.13
2025-02-16,Eggs,6.22
2025-02-16,Cocoa,624.72
2025-02-17,Flour,44.8
2025-02-17,Butter,468.88
2025-02-17,Sugar,40.99
2025-02-17,Eggs,6.27
2025-02-17,Cocoa,636.91
2025-02-18,Flour,44.59
2025-02-18,Butter,471.05
2025-02-18,Sugar,40.61
2025-02-18,Eggs,6.31
2025-02-18,Cocoa,643.02
2025-02-19,Flour,45.68
2025-02-19,Butter,473.54
2025-02-19,Sugar,40.94
2025-02-19,Eggs,6.28
2025-02-19,Cocoa,646.68
2025-02-20,Flour,45.49
2025-02-20,Butter,474.23
2025-02-20,Sugar,41.03
2025-02-20,Eggs,6.25
2025-02-20,Cocoa,647.15
2025-02-21,Flour,45.32
2025-02-21,Butter,472.52
2025-02-21,Sugar,41.5
2025-02-21,Eggs,6.26
2025-02-21,Cocoa,649.47
2025-02-22,Flour,44.65
2025-02-22,Butter,474.7
2025-02-22,Sugar,41.74
2025-02-22,Eggs,6.23
2025-02-22,Cocoa,663.03
2025-02-23,Flour,43.63
2025-02-23,Butter,478.57
2025-02-23,Sugar,42.04
2025-02-23,Eggs,6.26
2025-02-23,Cocoa,663.91
2025-02-24,Flour,43.91
2025-02-24,Butter,482.77
2025-02-24,Sugar,41.74
2025-02-24,Eggs,6.27
2025-02-24,Cocoa,662.44
2025-02-25,Flour,43.44
2025-02-25,Butter,486.16
2025-02-25,Sugar,41.5
2025-02-25,Eggs,6.17
2025-02-25,Cocoa,658.69
2025-02-26,Flour,43.11
2025-02-26,Butter,490.97
2025-02-26,Sugar,41.58
2025-02-26,Eggs,6.25
2025-02-26,Cocoa,654.18
2025-02-27,Flour,43.54
2025-02-27,Butter,504.38
2025-02-27,Sugar,41.74
2025-02-27,Eggs,6.3
2025-02-27,Cocoa,658.61
2025-02-28,Flour,42.93
2025-02-28,Butter,506.71
2025-02-28,Sugar,41.87
2025-02-28,Eggs,6.28
2025-02-28,Cocoa,652.69
2025-03-01,Flour,43.28
2025-03-01,Butter,501.5
2025-03-01,Sugar,42.77
2025-03-01,Eggs,6.28
2025-03-01,Cocoa,644.69
2025-03-02,Flour,43.08
2025-03-02,Butter,499.74
2025-03-02,Sugar,43.77
2025-03-02,Eggs,6.22
2025-03-02,Cocoa,644.04
2025-03-03,Flour,42.88
2025-03-03,Butter,501.74
2025-03-03,Sugar,43.51
2025-03-03,Eggs,6.15
2025-03-03,Cocoa,642.89
2025-03-04,Flour,42.79
2025-03-04,Butter,498.46
2025-03-04,Sugar,43.26
2025-03-04,Eggs,6.22
2025-03-04,Cocoa,640.95
2025-03-05,Flour,42.32
2025-03-05,Butter,495.88
2025-03-05,Sugar,43.25
2025-03-05,Eggs,6.13
2025-03-05,Cocoa,651.7
2025-03-06,Flour,42.77
2025-03-06,Butter,502.42
2025-03-06,Sugar,43.39
2025-03-06,Eggs,6.0
2025-03-06,Cocoa,661.65
2025-03-07,Flour,42.42
2025-03-07,Butter,498.22
2025-03-07,Sugar,43.43
2025-03-07,Eggs,6.09
2025-03-07,Cocoa,668.26
2025-03-08,Flour,42.88
2025-03-08,Butter,496.36
2025-03-08,Sugar,43.27
2025-03-08,Eggs,6.1
2025-03-08,Cocoa,667.05
2025-03-09,Flour,43.32
2025-03-09,Butter,500.02
2025-03-09,Sugar,43.49
2025-03-09,Eggs,5.95
2025-03-09,Cocoa,667.54
2025-03-10,Flour,43.31
2025-03-10,Butter,500.42
2025-03-10,Sugar,43.14
2025-03-10,Eggs,5.87
2025-03-10,Cocoa,670.2
2025-03-11,Flour,43.18
2025-03-11,Butter,502.77
2025-03-11,Sugar,42.84
2025-03-11,Eggs,5.96
2025-03-11,Cocoa,676.3
2025-03-12,Flour,43.35
2025-03-12,Butter,501.29
2025-03-12,Sugar,43.18
2025-03-12,Eggs,5.98
2025-03-12,Cocoa,677.33
2025-03-13,Flour,43.85
2025-03-13,Butter,507.71
2025-03-13,Sugar,42.63
2025-03-13,Eggs,5.92
2025-03-13,Cocoa,671.71
2025-03-14,Flour,43.2
2025-03-14,Butter,506.86
2025-03-14,Sugar,42.87
2025-03-14,Eggs,5.92
2025-03-14,Cocoa,667.8
2025-03-15,Flour,43.74
2025-03-15,Butter,507.0
2025-03-15,Sugar,42.99
2025-03-15,Eggs,5.99
2025-03-15,Cocoa,666.65
2025-03-16,Flour,44.7
2025-03-16,Butter,504.31
2025-03-16,Sugar,43.81
2025-03-16,Eggs,5.93
2025-03-16,Cocoa,669.68
2025-03-17,Flour,44.41
2025-03-17,Butter,509.19
2025-03-17,Sugar,43.58
2025-03-17,Eggs,5.95
2025-03-17,Cocoa,665.05
2025-03-18,Flour,44.85
2025-03-18,Butter,505.46
2025-03-18,Sugar,44.25
2025-03-18,Eggs,5.89
2025-03-18,Cocoa,656.01
2025-03-19,Flour,45.28
2025-03-19,Butter,502.11
2025-03-19,Sugar,44.2
2025-03-19,Eggs,5.88
2025-03-19,Cocoa,647.35
2025-03-20,Flour,45.24
2025-03-20,Butter,507.74
2025-03-20,Sugar,44.58
2025-03-20,Eggs,5.89
2025-03-20,Cocoa,654.64
2025-03-21,Flour,44.76
2025-03-21,Butter,505.63
2025-03-21,Sugar,44.7
2025-03-21,Eggs,5.89
2025-03-21,Cocoa,652.94
2025-03-22,Flour,44.22
2025-03-22,Butter,495.12
2025-03-22,Sugar,44.99
2025-03-22,Eggs,5.9
2025-03-22,Cocoa,658.74
2025-03-23,Flour,44.04
2025-03-23,Butter,491.4
2025-03-23,Sugar,44.93
2025-03-23,Eggs,5.96
2025-03-23,Cocoa,657.06
2025-03-24,Flour,44.42
2025-03-24,Butter,486.34
2025-03-24,Sugar,44.8
2025-03-24,Eggs,5.95
2025-03-24,Cocoa,664.89
2025-03-25,Flour,44.52
2025-03-25,Butter,494.6
2025-03-25,Sugar,44.18
2025-03-25,Eggs,5.96
2025-03-25,Cocoa,665.76
2025-03-26,Flour,44.81
2025-03-26,Butter,490.4
2025-03-26,Sugar,44.84
2025-03-26,Eggs,5.96
2025-03-26,Cocoa,658.38
2025-03-27,Flour,44.81
2025-03-27,Butter,488.69
2025-03-27,Sugar,45.96
2025-03-27,Eggs,6.03
2025-03-27,Cocoa,658.54
2025-03-28,Flour,44.76
2025-03-28,Butter,493.08
2025-03-28,Sugar,46.3
2025-03-28,Eggs,5.85
2025-03-28,Cocoa,662.55
2025-03-29,Flour,44.78
2025-03-29,Butter,486.52
2025-03-29,Sugar,46.58
2025-03-29,Eggs,5.99
2025-03-29,Cocoa,665.91
2025-03-30,Flour,45.28
2025-03-30,Butter,495.05
2025-03-30,Sugar,46.14
2025-03-30,Eggs,5.88
2025-03-30,Cocoa,669.87
2025-03-31,Flour,45.16
2025-03-31,Butter,488.16
2025-03-31,Sugar,46.02
2025-03-31,Eggs,5.93
2025-03-31,Cocoa,668.5
2025-04-01,Flour,44.81
2025-04-01,Butter,486.92
2025-04-01,Sugar,45.94
2025-04-01,Eggs,5.81
2025-04-01,Cocoa,667.2
2025-04-02,Flour,44.2
2025-04-02,Butter,489.95
2025-04-02,Sugar,45.2
2025-04-02,Eggs,5.88
2025-04-02,Cocoa,664.2
2025-04-03,Flour,43.98
2025-04-03,Butter,491.16
2025-04-03,Sugar,44.77
2025-04-03,Eggs,5.89
2025-04-03,Cocoa,659.16
2025-04-04,Flour,43.75
2025-04-04,Butter,492.88
2025-04-04,Sugar,44.24
2025-04-04,Eggs,5.82
2025-04-04,Cocoa,660.59
2025-04-05,Flour,43.76
2025-04-05,Butter,493.43
2025-04-05,Sugar,44.33
2025-04-05,Eggs,5.83
2025-04-05,Cocoa,664.33
2025-04-06,Flour,43.83
2025-04-06,Butter,483.53
2025-04-06,Sugar,43.55
2025-04-06,Eggs,5.95
2025-04-06,Cocoa,664.04
2025-04-07,Flour,44.28
2025-04-07,Butter,481.8
2025-04-07,Sugar,43.5
2025-04-07,Eggs,5.92
2025-04-07,Cocoa,679.79
2025-04-08,Flour,44.41
2025-04-08,Butter,479.2
2025-04-08,Sugar,42.77
2025-04-08,Eggs,6.04
2025-04-08,Cocoa,678.13
2025-04-09,Flour,44.75
2025-04-09,Butter,483.32
2025-04-09,Sugar,42.56
2025-04-09,Eggs,6.08
2025-04-09,Cocoa,673.64
2025-04-10,Flour,44.31
2025-04-10,Butter,488.85
2025-04-10,Sugar,42.49
2025-04-10,Eggs,6.11
2025-04-10,Cocoa,675.84
2025-04-11,Flour,44.61
2025-04-11,Butter,481.2
2025-04-11,Sugar,42.23
2025-04-11,Eggs,6.09
2025-04-11,Cocoa,669.92
2025-04-12,Flour,44.81
2025-04-12,Butter,486.87
2025-04-12,Sugar,42.79
2025-04-12,Eggs,6.07
2025-04-12,Cocoa,671.42
2025-04-13,Flour,45.02
2025-04-13,Butter,489.72
2025-04-13,Sugar,42.41
2025-04-13,Eggs,6.17
2025-04-13,Cocoa,677.01
2025-04-14,Flour,45.45
2025-04-14,Butter,495.3
2025-04-14,Sugar,42.62
2025-04-14,Eggs,6.11
2025-04-14,Cocoa,675.57
2025-04-15,Flour,44.7
2025-04-15,Butter,496.98
2025-04-15,Sugar,42.54
2025-04-15,Eggs,6.1
2025-04-15,Cocoa,682.88
2025-04-16,Flour,44.5
2025-04-16,Butter,495.43
2025-04-16,Sugar,42.54
2025-04-16,Eggs,5.99
2025-04-16,Cocoa,680.5
2025-04-17,Flour,43.39
2025-04-17,Butter,492.31
2025-04-17,Sugar,42.89
2025-04-17,Eggs,6.02
2025-04-17,Cocoa,676.02
2025-04-18,Flour,43.44
2025-04-18,Butter,486.91
2025-04-18,Sugar,42.87
2025-04-18,Eggs,6.19
2025-04-18,Cocoa,687.5
2025-04-19,Flour,43.49
2025-04-19,Butter,487.54
2025-04-19,Sugar,42.44
2025-04-19,Eggs,6.14
2025-04-19,Cocoa,689.1
2025-04-20,Flour,43.29
2025-04-20,Butter,491.73
2025-04-20,Sugar,43.09
2025-04-20,Eggs,6.16
2025-04-20,Cocoa,688.98
2025-04-21,Flour,42.56
2025-04-21,Butter,495.08
2025-04-21,Sugar,42.59
2025-04-21,Eggs,6.13
2025-04-21,Cocoa,694.44
2025-04-22,Flour,43.08
2025-04-22,Butter,492.54
2025-04-22,Sugar,42.4
2025-04-22,Eggs,6.09
2025-04-22,Cocoa,685.76
2025-04-23,Flour,42.83
2025-04-23,Butter,484.55
2025-04-23,Sugar,42.68
2025-04-23,Eggs,6.11
2025-04-23,Cocoa,688.69
2025-04-24,Flour,42.44
2025-04-24,Butter,478.72
2025-04-24,Sugar,42.69
2025-04-24,Eggs,6.11
2025-04-24,Cocoa,686.96
2025-04-25,Flour,42.36
2025-04-25,Butter,486.96
2025-04-25,Sugar,42.86
2025-04-25,Eggs,6.23
2025-04-25,Cocoa,694.47
2025-04-26,Flour,43.18
2025-04-26,Butter,481.66
2025-04-26,Sugar,43.09
2025-04-26,Eggs,6.2
2025-04-26,Cocoa,682.77
2025-04-27,Flour,43.89
2025-04-27,Butter,480.22
2025-04-27,Sugar,42.62
2025-04-27,Eggs,6.17
2025-04-27,Cocoa,676.94
2025-04-28,Flour,43.6
2025-04-28,Butter,479.15
2025-04-28,Sugar,43.34
2025-04-28,Eggs,6.12
2025-04-28,Cocoa,687.18
2025-04-29,Flour,44.01
2025-04-29,Butter,481.07
2025-04-29,Sugar,43.62
2025-04-29,Eggs,6.12
2025-04-29,Cocoa,694.8
2025-04-30,Flour,44.29
2025-04-30,Butter,473.06
2025-04-30,Sugar,43.72
2025-04-30,Eggs,6.17
2025-04-30,Cocoa,692.02
2025-05-01,Flour,44.36
2025-05-01,Butter,470.25
2025-05-01,Sugar,43.1
2025-05-01,Eggs,6.07
2025-05-01,Cocoa,681.19
2025-05-02,Flour,44.67
2025-05-02,Butter,458.5
2025-05-02,Sugar,42.8
2025-05-02,Eggs,6.02
2025-05-02,Cocoa,678.74
2025-05-03,Flour,43.84
2025-05-03,Butter,460.86
2025-05-03,Sugar,42.25
2025-05-03,Eggs,6.09
2025-05-03,Cocoa,674.12
2025-05-04,Flour,43.82
2025-05-04,Butter,461.27
2025-05-04,Sugar,42.35
2025-05-04,Eggs,6.09
2025-05-04,Cocoa,670.86
2025-05-05,Flour,44.0
2025-05-05,Butter,463.88
2025-05-05,Sugar,42.02
2025-05-05,Eggs,6.11
2025-05-05,Cocoa,678.19
2025-05-06,Flour,44.34
2025-05-06,Butter,468.68
2025-05-06,Sugar,42.09
2025-05-06,Eggs,6.06
2025-05-06,Cocoa,672.36
2025-05-07,Flour,44.5
2025-05-07,Butter,473.43
2025-05-07,Sugar,43.26
2025-05-07,Eggs,6.11
2025-05-07,Cocoa,664.31
2025-05-08,Flour,44.16
2025-05-08,Butter,484.5
2025-05-08,Sugar,43.15
2025-05-08,Eggs,6.11
2025-05-08,Cocoa,657.78
2025-05-09,Flour,44.88
2025-05-09,Butter,486.81
2025-05-09,Sugar,42.8
2025-05-09,Eggs,6.05
2025-05-09,Cocoa,659.62
2025-05-10,Flour,44.9
2025-05-10,Butter,490.67
2025-05-10,Sugar,43.01
2025-05-10,Eggs,6.04
2025-05-10,Cocoa,655.89
2025-05-11,Flour,44.83
2025-05-11,Butter,487.81
2025-05-11,Sugar,42.94
2025-05-11,Eggs,6.04
2025-05-11,Cocoa,649.94
2025-05-12,Flour,45.12
2025-05-12,Butter,485.87
2025-05-12,Sugar,42.56
2025-05-12,Eggs,6.01
2025-05-12,Cocoa,651.51
2025-05-13,Flour,45.16
2025-05-13,Butter,487.78
2025-05-13,Sugar,42.93
2025-05-13,Eggs,6.09
2025-05-13,Cocoa,653.34
2025-05-14,Flour,44.67
2025-05-14,Butter,486.34
2025-05-14,Sugar,42.49
2025-05-14,Eggs,6.19
2025-05-14,Cocoa,666.19
2025-05-15,Flour,44.97
2025-05-15,Butter,490.33
2025-05-15,Sugar,42.58
2025-05-15,Eggs,6.21
2025-05-15,Cocoa,655.48
2025-05-16,Flour,44.94
2025-05-16,Butter,485.89
2025-05-16,Sugar,42.69
2025-05-16,Eggs,6.2
2025-05-16,Cocoa,668.03
2025-05-17,Flour,45.35
2025-05-17,Butter,487.14
2025-05-17,Sugar,42.57
2025-05-17,Eggs,6.3
2025-05-17,Cocoa,667.47
2025-05-18,Flour,45.49
2025-05-18,Butter,487.2
2025-05-18,Sugar,42.38
2025-05-18,Eggs,6.3
2025-05-18,Cocoa,654.37
2025-05-19,Flour,44.79
2025-05-19,Butter,488.74
2025-05-19,Sugar,43.04
2025-05-19,Eggs,6.31
2025-05-19,Cocoa,649.6
2025-05-20,Flour,44.14
2025-05-20,Butter,492.33
2025-05-20,Sugar,42.78
2025-05-20,Eggs,6.34
2025-05-20,Cocoa,652.14
2025-05-21,Flour,44.38
2025-05-21,Butter,492.24
2025-05-21,Sugar,42.92
2025-05-21,Eggs,6.33
2025-05-21,Cocoa,647.97
2025-05-22,Flour,43.95
2025-05-22,Butter,480.55
2025-05-22,Sugar,42.83
2025-05-22,Eggs,6.41
2025-05-22,Cocoa,652.76
2025-05-23,Flour,44.08
2025-05-23,Butter,477.01
2025-05-23,Sugar,43.23
2025-05-23,Eggs,6.4
2025-05-23,Cocoa,662.94
2025-05-24,Flour,43.66
2025-05-24,Butter,473.47
2025-05-24,Sugar,42.85
2025-05-24,Eggs,6.3
2025-05-24,Cocoa,656.59
2025-05-25,Flour,43.73
2025-05-25,Butter,470.19
2025-05-25,Sugar,41.21
2025-05-25,Eggs,6.36
2025-05-25,Cocoa,645.51
2025-05-26,Flour,44.02
2025-05-26,Butter,470.53
2025-05-26,Sugar,42.12
2025-05-26,Eggs,6.41
2025-05-26,Cocoa,642.32
2025-05-27,Flour,43.72
2025-05-27,Butter,477.93
2025-05-27,Sugar,41.5
2025-05-27,Eggs,6.42
2025-05-27,Cocoa,641.62
2025-05-28,Flour,43.59
2025-05-28,Butter,479.67
2025-05-28,Sugar,41.59
2025-05-28,Eggs,6.43
2025-05-28,Cocoa,642.69
2025-05-29,Flour,43.81
2025-05-29,Butter,480.13
2025-05-29,Sugar,41.32
2025-05-29,Eggs,6.43
2025-05-29,Cocoa,638.2
2025-05-30,Flour,43.48
2025-05-30,Butter,478.51
2025-05-30,Sugar,41.28
2025-05-30,Eggs,6.42
2025-05-30,Cocoa,644.39
2025-05-31,Flour,43.29
2025-05-31,Butter,479.49
2025-05-31,Sugar,41.34
2025-05-31,Eggs,6.37
2025-05-31,Cocoa,644.98
2025-06-01,Flour,43.77
2025-06-01,Butter,480.39
2025-06-01,Sugar,41.45
2025-06-01,Eggs,6.32
2025-06-01,Cocoa,657.88
2025-06-02,Flour,43.51
2025-06-02,Butter,472.38
2025-06-02,Sugar,41.82
2025-06-02,Eggs,6.31
2025-06-02,Cocoa,655.75
2025-06-03,Flour,43.29
2025-06-03,Butter,481.52
2025-06-03,Sugar,41.98
2025-06-03,Eggs,6.34
2025-06-03,Cocoa,656.69
2025-06-04,Flour,43.45
2025-06-04,Butter,488.2
2025-06-04,Sugar,41.87
2025-06-04,Eggs,6.24
2025-06-04,Cocoa,662.2
2025-06-05,Flour,43.7
2025-06-05,Butter,488.55
2025-06-05,Sugar,42.07
2025-06-05,Eggs,6.22
2025-06-05,Cocoa,662.09
2025-06-06,Flour,43.67
2025-06-06,Butter,485.54
2025-06-06,Sugar,42.57
2025-06-06,Eggs,6.13
2025-06-06,Cocoa,677.2
2025-06-07,Flour,44.09
2025-06-07,Butter,476.9
2025-06-07,Sugar,42.46
2025-06-07,Eggs,6.12
2025-06-07,Cocoa,679.2
2025-06-08,Flour,43.66
2025-06-08,Butter,477.11
2025-06-08,Sugar,42.4
2025-06-08,Eggs,6.07
2025-06-08,Cocoa,672.92
2025-06-09,Flour,44.1
2025-06-09,Butter,469.03
2025-06-09,Sugar,42.6
2025-06-09,Eggs,6.11
2025-06-09,Cocoa,671.04
2025-06-10,Flour,44.14
2025-06-10,Butter,474.83
2025-06-10,Sugar,42.29
2025-06-10,Eggs,6.08
2025-06-10,Cocoa,667.4
2025-06-11,Flour,44.69
2025-06-11,Butter,481.14
2025-06-11,Sugar,41.7
2025-06-11,Eggs,6.14
2025-06-11,Cocoa,672.37
2025-06-12,Flour,45.39
2025-06-12,Butter,482.96
2025-06-12,Sugar,41.68
2025-06-12,Eggs,6.2
2025-06-12,Cocoa,676.47
2025-06-13,Flour,46.39
2025-06-13,Butter,487.51
2025-06-13,Sugar,41.76
2025-06-13,Eggs,6.13
2025-06-13,Cocoa,672.16
2025-06-14,Flour,45.72
2025-06-14,Butter,486.32
2025-06-14,Sugar,42.15
2025-06-14,Eggs,6.12
2025-06-14,Cocoa,678.36
2025-06-15,Flour,45.86
2025-06-15,Butter,484.26
2025-06-15,Sugar,42.18
2025-06-15,Eggs,6.15
2025-06-15,Cocoa,678.7
2025-06-16,Flour,45.91
2025-06-16,Butter,480.49
2025-06-16,Sugar,42.0
2025-06-16,Eggs,6.28
2025-06-16,Cocoa,686.11
2025-06-17,Flour,45.23
2025-06-17,Butter,469.11
2025-06-17,Sugar,42.03
2025-06-17,Eggs,6.33
2025-06-17,Cocoa,682.01
2025-06-18,Flour,45.68
2025-06-18,Butter,469.62
2025-06-18,Sugar,41.96
2025-06-18,Eggs,6.37
2025-06-18,Cocoa,677.91
2025-06-19,Flour,45.54
2025-06-19,Butter,473.04
2025-06-19,Sugar,41.95
2025-06-19,Eggs,6.48
2025-06-19,Cocoa,681.86
2025-06-20,Flour,45.81
2025-06-20,Butter,472.94
2025-06-20,Sugar,42.32
2025-06-20,Eggs,6.45
2025-06-20,Cocoa,683.06
2025-06-21,Flour,45.38
2025-06-21,Butter,478.07
2025-06-21,Sugar,42.43
2025-06-21,Eggs,6.56
2025-06-21,Cocoa,697.95
2025-06-22,Flour,45.72
2025-06-22,Butter,478.44
2025-06-22,Sugar,42.03
2025-06-22,Eggs,6.6
2025-06-22,Cocoa,698.36
2025-06-23,Flour,45.95
2025-06-23,Butter,486.78
2025-06-23,Sugar,41.68
2025-06-23,Eggs,6.53
2025-06-23,Cocoa,695.85
2025-06-24,Flour,46.3
2025-06-24,Butter,489.3
2025-06-24,Sugar,41.31
2025-06-24,Eggs,6.57
2025-06-24,Cocoa,687.13
2025-06-25,Flour,45.89
2025-06-25,Butter,488.56
2025-06-25,Sugar,41.09
2025-06-25,Eggs,6.61
2025-06-25,Cocoa,688.25
2025-06-26,Flour,46.67
2025-06-26,Butter,487.21
2025-06-26,Sugar,41.06
2025-06-26,Eggs,6.67
2025-06-26,Cocoa,686.89
2025-06-27,Flour,47.31
2025-06-27,Butter,489.66
2025-06-27,Sugar,40.09
2025-06-27,Eggs,6.73
2025-06-27,Cocoa,692.08
2025-06-28,Flour,47.69
2025-06-28,Butter,480.29
2025-06-28,Sugar,39.85
2025-06-28,Eggs,6.68
2025-06-28,Cocoa,685.78
2025-06-29,Flour,48.42
2025-06-29,Butter,480.23
2025-06-29,Sugar,39.88
2025-06-29,Eggs,6.7
2025-06-29,Cocoa,688.76
2025-06-30,Flour,46.85
2025-06-30,Butter,477.12
2025-06-30,Sugar,39.33
2025-06-30,Eggs,6.71
2025-06-30,Cocoa,686.11
2025-07-01,Flour,46.82
2025-07-01,Butter,467.2
2025-07-01,Sugar,39.25
2025-07-01,Eggs,6.76
2025-07-01,Cocoa,694.55
2025-07-02,Flour,47.11
2025-07-02,Butter,461.05
2025-07-02,Sugar,39.83
2025-07-02,Eggs,6.79
2025-07-02,Cocoa,692.89
2025-07-03,Flour,46.16
2025-07-03,Butter,466.0
2025-07-03,Sugar,39.63
2025-07-03,Eggs,6.79
2025-07-03,Cocoa,692.48
2025-07-04,Flour,46.82
2025-07-04,Butter,465.68
2025-07-04,Sugar,39.67
2025-07-04,Eggs,6.87
2025-07-04,Cocoa,687.35
2025-07-05,Flour,47.15
2025-07-05,Butter,465.02
2025-07-05,Sugar,39.29
2025-07-05,Eggs,6.85
2025-07-05,Cocoa,691.1
2025-07-06,Flour,47.72
2025-07-06,Butter,472.39
2025-07-06,Sugar,39.22
2025-07-06,Eggs,6.78
2025-07-06,Cocoa,688.21
2025-07-07,Flour,47.13
2025-07-07,Butter,471.5
2025-07-07,Sugar,39.14
2025-07-07,Eggs,6.81
2025-07-07,Cocoa,673.11
2025-07-08,Flour,46.76
2025-07-08,Butter,468.19
2025-07-08,Sugar,39.69
2025-07-08,Eggs,6.72
2025-07-08,Cocoa,674.12
2025-07-09,Flour,46.67
2025-07-09,Butter,473.43
2025-07-09,Sugar,39.99
2025-07-09,Eggs,6.72
2025-07-09,Cocoa,670.03
2025-07-10,Flour,45.8
2025-07-10,Butter,474.75
2025-07-10,Sugar,40.25
2025-07-10,Eggs,6.61
2025-07-10,Cocoa,661.61
2025-07-11,Flour,45.9
2025-07-11,Butter,476.48
2025-07-11,Sugar,39.87
2025-07-11,Eggs,6.56
2025-07-11,Cocoa,649.44
2025-07-12,Flour,46.5
2025-07-12,Butter,470.31
2025-07-12,Sugar,40.14
2025-07-12,Eggs,6.55
2025-07-12,Cocoa,657.83
2025-07-13,Flour,46.11
2025-07-13,Butter,470.8
2025-07-13,Sugar,39.46
2025-07-13,Eggs,6.42
2025-07-13,Cocoa,661.55
2025-07-14,Flour,45.29
2025-07-14,Butter,469.89
2025-07-14,Sugar,39.94
2025-07-14,Eggs,6.46
2025-07-14,Cocoa,657.0
2025-07-15,Flour,44.57
2025-07-15,Butter,472.54
2025-07-15,Sugar,40.54
2025-07-15,Eggs,6.41
2025-07-15,Cocoa,651.64
2025-07-16,Flour,44.34
2025-07-16,Butter,475.43
2025-07-16,Sugar,41.09
2025-07-16,Eggs,6.33
2025-07-16,Cocoa,641.87
2025-07-17,Flour,45.41
2025-07-17,Butter,474.67
2025-07-17,Sugar,41.21
2025-07-17,Eggs,6.28
2025-07-17,Cocoa,645.22
2025-07-18,Flour,45.83
2025-07-18,Butter,476.22
2025-07-18,Sugar,41.96
2025-07-18,Eggs,6.25
2025-07-18,Cocoa,643.6
2025-07-19,Flour,45.92
2025-07-19,Butter,478.52
2025-07-19,Sugar,42.06
2025-07-19,Eggs,6.17
2025-07-19,Cocoa,645.76
2025-07-20,Flour,45.73
2025-07-20,Butter,475.77
2025-07-20,Sugar,42.07
2025-07-20,Eggs,6.11
2025-07-20,Cocoa,638.47
2025-07-21,Flour,44.54
2025-07-21,Butter,484.24
2025-07-21,Sugar,42.3
2025-07-21,Eggs,6.1
2025-07-21,Cocoa,634.36
2025-07-22,Flour,43.26
2025-07-22,Butter,480.66
2025-07-22,Sugar,42.6
2025-07-22,Eggs,6.15
2025-07-22,Cocoa,638.85
2025-07-23,Flour,43.36
2025-07-23,Butter,486.9
2025-07-23,Sugar,42.45
2025-07-23,Eggs,6.22
2025-07-23,Cocoa,636.57
2025-07-24,Flour,43.0
2025-07-24,Butter,481.94
2025-07-24,Sugar,41.99
2025-07-24,Eggs,6.25
2025-07-24,Cocoa,632.01
2025-07-25,Flour,42.57
2025-07-25,Butter,485.32
2025-07-25,Sugar,42.13
2025-07-25,Eggs,6.3
2025-07-25,Cocoa,635.7
2025-07-26,Flour,42.28
2025-07-26,Butter,485.58
2025-07-26,Sugar,42.18
2025-07-26,Eggs,6.24
2025-07-26,Cocoa,628.81
2025-07-27,Flour,42.03
2025-07-27,Butter,495.25
2025-07-27,Sugar,42.0
2025-07-27,Eggs,6.31
2025-07-27,Cocoa,626.19
2025-07-28,Flour,42.49
2025-07-28,Butter,499.27
2025-07-28,Sugar,42.4
2025-07-28,Eggs,6.33
2025-07-28,Cocoa,635.62
2025-07-29,Flour,42.71
2025-07-29,Butter,507.11
2025-07-29,Sugar,41.71
2025-07-29,Eggs,6.34
2025-07-29,Cocoa,637.75
2025-07-30,Flour,42.33
2025-07-30,Butter,509.35
2025-07-30,Sugar,41.09
2025-07-30,Eggs,6.3
2025-07-30,Cocoa,625.0
2025-07-31,Flour,43.09
2025-07-31,Butter,507.65
2025-07-31,Sugar,42.02
2025-07-31,Eggs,6.34
2025-07-31,Cocoa,628.41
2025-08-01,Flour,42.86
2025-08-01,Butter,502.08
2025-08-01,Sugar,42.24
2025-08-01,Eggs,6.33
2025-08-01,Cocoa,620.14
2025-08-02,Flour,42.22
2025-08-02,Butter,497.03
2025-08-02,Sugar,43.0
2025-08-02,Eggs,6.45
2025-08-02,Cocoa,622.07
2025-08-03,Flour,42.35
2025-08-03,Butter,495.08
2025-08-03,Sugar,42.59
2025-08-03,Eggs,6.53
2025-08-03,Cocoa,634.8
2025-08-04,Flour,42.0
2025-08-04,Butter,494.38
2025-08-04,Sugar,42.39
2025-08-04,Eggs,6.49
2025-08-04,Cocoa,642.82
2025-08-05,Flour,41.47
2025-08-05,Butter,496.33
2025-08-05,Sugar,42.69
2025-08-05,Eggs,6.47
2025-08-05,Cocoa,648.76
2025-08-06,Flour,41.6
2025-08-06,Butter,501.85
2025-08-06,Sugar,42.03
2025-08-06,Eggs,6.44
2025-08-06,Cocoa,648.32
2025-08-07,Flour,40.47
2025-08-07,Butter,496.2
2025-08-07,Sugar,41.69
2025-08-07,Eggs,6.49
2025-08-07,Cocoa,643.76
2025-08-08,Flour,40.19
2025-08-08,Butter,499.8
2025-08-08,Sugar,41.02
2025-08-08,Eggs,6.36
2025-08-08,Cocoa,641.54
2025-08-09,Flour,39.64
2025-08-09,Butter,492.64
2025-08-09,Sugar,41.28
2025-08-09,Eggs,6.4
2025-08-09,Cocoa,646.83
2025-08-10,Flour,40.24
2025-08-10,Butter,498.34
2025-08-10,Sugar,40.4
2025-08-10,Eggs,6.42
2025-08-10,Cocoa,643.45
2025-08-11,Flour,40.0
2025-08-11,Butter,500.66
2025-08-11,Sugar,39.7
2025-08-11,Eggs,6.31
2025-08-11,Cocoa,647.7
2025-08-12,Flour,40.32
2025-08-12,Butter,500.91
2025-08-12,Sugar,39.38
2025-08-12,Eggs,6.35
2025-08-12,Cocoa,652.17
2025-08-13,Flour,40.45
2025-08-13,Butter,494.84
2025-08-13,Sugar,39.25
2025-08-13,Eggs,6.39
2025-08-13,Cocoa,660.75
2025-08-14,Flour,40.4
2025-08-14,Butter,493.34
2025-08-14,Sugar,39.24
2025-08-14,Eggs,6.4
2025-08-14,Cocoa,656.76
2025-08-15,Flour,39.19
2025-08-15,Butter,498.8
2025-08-15,Sugar,40.05
2025-08-15,Eggs,6.35
2025-08-15,Cocoa,649.69
2025-08-16,Flour,39.24
2025-08-16,Butter,497.52
2025-08-16,Sugar,40.51
2025-08-16,Eggs,6.35
2025-08-16,Cocoa,644.55
2025-08-17,Flour,38.76
2025-08-17,Butter,501.33
2025-08-17,Sugar,40.79
2025-08-17,Eggs,6.41
2025-08-17,Cocoa,638.36
2025-08-18,Flour,39.72
2025-08-18,Butter,492.53
2025-08-18,Sugar,41.11
2025-08-18,Eggs,6.28
2025-08-18,Cocoa,633.46
2025-08-19,Flour,40.52
2025-08-19,Butter,496.27
2025-08-19,Sugar,40.9
2025-08-19,Eggs,6.25
2025-08-19,Cocoa,634.44
2025-08-20,Flour,40.84
2025-08-20,Butter,501.95
2025-08-20,Sugar,40.73
2025-08-20,Eggs,6.15
2025-08-20,Cocoa,635.77
2025-08-21,Flour,40.72
2025-08-21,Butter,495.27
2025-08-21,Sugar,40.88
2025-08-21,Eggs,6.13
2025-08-21,Cocoa,638.05
2025-08-22,Flour,40.4
2025-08-22,Butter,497.3
2025-08-22,Sugar,40.35
2025-08-22,Eggs,6.08
2025-08-22,Cocoa,636.71
2025-08-23,Flour,41.28
2025-08-23,Butter,500.72
2025-08-23,Sugar,40.83
2025-08-23,Eggs,6.16
2025-08-23,Cocoa,660.4
2025-08-24,Flour,41.37
2025-08-24,Butter,507.13
2025-08-24,Sugar,41.28
2025-08-24,Eggs,6.22
2025-08-24,Cocoa,671.72
2025-08-25,Flour,41.26
2025-08-25,Butter,504.19
2025-08-25,Sugar,41.43
2025-08-25,Eggs,6.2
2025-08-25,Cocoa,673.36
2025-08-26,Flour,42.04
2025-08-26,Butter,501.41
2025-08-26,Sugar,41.32
2025-08-26,Eggs,6.21
2025-08-26,Cocoa,671.41
2025-08-27,Flour,41.23
2025-08-27,Butter,498.2
2025-08-27,Sugar,41.62
2025-08-27,Eggs,6.29
2025-08-27,Cocoa,663.47
2025-08-28,Flour,40.79
2025-08-28,Butter,497.98
2025-08-28,Sugar,40.75
2025-08-28,Eggs,6.26
2025-08-28,Cocoa,651.92
2025-08-29,Flour,41.49
2025-08-29,Butter,493.93
2025-08-29,Sugar,41.47
2025-08-29,Eggs,6.32
2025-08-29,Cocoa,647.68
2025-08-30,Flour,41.08
2025-08-30,Butter,492.72
2025-08-30,Sugar,41.44
2025-08-30,Eggs,6.33
2025-08-30,Cocoa,642.68
2025-08-31,Flour,41.49
2025-08-31,Butter,493.74
2025-08-31,Sugar,41.31
2025-08-31,Eggs,6.29
2025-08-31,Cocoa,641.62
2025-09-01,Flour,41.19
2025-09-01,Butter,493.75
2025-09-01,Sugar,41.36
2025-09-01,Eggs,6.3
2025-09-01,Cocoa,653.27
2025-09-02,Flour,41.21
2025-09-02,Butter,498.29
2025-09-02,Sugar,41.47
2025-09-02,Eggs,6.27
2025-09-02,Cocoa,652.43
2025-09-03,Flour,41.26
2025-09-03,Butter,499.27
2025-09-03,Sugar,41.07
2025-09-03,Eggs,6.18
2025-09-03,Cocoa,656.63
2025-09-04,Flour,41.74
2025-09-04,Butter,502.46
2025-09-04,Sugar,41.16
2025-09-04,Eggs,6.22
2025-09-04,Cocoa,661.14
2025-09-05,Flour,42.16
2025-09-05,Butter,497.89
2025-09-05,Sugar,40.71
2025-09-05,Eggs,6.2
2025-09-05,Cocoa,660.8
2025-09-06,Flour,42.1
2025-09-06,Butter,488.52
2025-09-06,Sugar,41.46
2025-09-06,Eggs,6.18
2025-09-06,Cocoa,661.71
2025-09-07,Flour,42.72
2025-09-07,Butter,477.1
2025-09-07,Sugar,41.26
2025-09-07,Eggs,6.15
2025-09-07,Cocoa,659.29
2025-09-08,Flour,42.69
2025-09-08,Butter,484.1
2025-09-08,Sugar,41.56
2025-09-08,Eggs,6.2
2025-09-08,Cocoa,659.41
2025-09-09,Flour,42.11
2025-09-09,Butter,474.04
2025-09-09,Sugar,40.92
2025-09-09,Eggs,6.22
2025-09-09,Cocoa,659.43
2025-09-10,Flour,42.07
2025-09-10,Butter,472.39
2025-09-10,Sugar,41.79
2025-09-10,Eggs,6.17
2025-09-10,Cocoa,665.27
2025-09-11,Flour,42.13
2025-09-11,Butter,472.25
2025-09-11,Sugar,42.29
2025-09-11,Eggs,6.25
2025-09-11,Cocoa,663.41
2025-09-12,Flour,42.55
2025-09-12,Butter,474.15
2025-09-12,Sugar,42.28
2025-09-12,Eggs,6.26
2025-09-12,Cocoa,658.67
2025-09-13,Flour,42.46
2025-09-13,Butter,471.48
2025-09-13,Sugar,42.66
2025-09-13,Eggs,6.25
2025-09-13,Cocoa,650.06
2025-09-14,Flour,42.18
2025-09-14,Butter,456.29
2025-09-14,Sugar,42.44
2025-09-14,Eggs,6.25
2025-09-14,Cocoa,649.17
2025-09-15,Flour,43.13
2025-09-15,Butter,459.53
2025-09-15,Sugar,42.65
2025-09-15,Eggs,6.14
2025-09-15,Cocoa,646.82
2025-09-16,Flour,42.95
2025-09-16,Butter,456.16
2025-09-16,Sugar,42.3
2025-09-16,Eggs,6.03
2025-09-16,Cocoa,638.59
2025-09-17,Flour,43.38
2025-09-17,Butter,455.95
2025-09-17,Sugar,42.08
2025-09-17,Eggs,6.03
2025-09-17,Cocoa,646.41
2025-09-18,Flour,43.42
2025-09-18,Butter,459.03
2025-09-18,Sugar,41.73
2025-09-18,Eggs,5.99
2025-09-18,Cocoa,648.78
2025-09-19,Flour,44.3
2025-09-19,Butter,466.31
2025-09-19,Sugar,41.98
2025-09-19,Eggs,6.0
2025-09-19,Cocoa,657.91
2025-09-20,Flour,44.67
2025-09-20,Butter,455.57
2025-09-20,Sugar,41.53
2025-09-20,Eggs,6.02
2025-09-20,Cocoa,646.14
2025-09-21,Flour,44.28
2025-09-21,Butter,452.7
2025-09-21,Sugar,41.44
2025-09-21,Eggs,6.0
2025-09-21,Cocoa,644.34
2025-09-22,Flour,44.66
2025-09-22,Butter,451.98
2025-09-22,Sugar,41.29
2025-09-22,Eggs,5.92
2025-09-22,Cocoa,651.11
2025-09-23,Flour,44.37
2025-09-23,Butter,447.32
2025-09-23,Sugar,41.39
2025-09-23,Eggs,5.88
2025-09-23,Cocoa,647.67
2025-09-24,Flour,44.49
2025-09-24,Butter,446.41
2025-09-24,Sugar,42.37
2025-09-24,Eggs,5.88
2025-09-24,Cocoa,651.73
2025-09-25,Flour,43.63
2025-09-25,Butter,442.95
2025-09-25,Sugar,41.91
2025-09-25,Eggs,5.82
2025-09-25,Cocoa,654.4
2025-09-26,Flour,44.12
2025-09-26,Butter,445.34
2025-09-26,Sugar,41.82
2025-09-26,Eggs,5.79
2025-09-26,Cocoa,661.55
2025-09-27,Flour,45.07
2025-09-27,Butter,446.68
2025-09-27,Sugar,42.21
2025-09-27,Eggs,5.81
2025-09-27,Cocoa,666.23
2025-09-28,Flour,44.55
2025-09-28,Butter,445.01
2025-09-28,Sugar,42.38
2025-09-28,Eggs,5.89
2025-09-28,Cocoa,660.58
2025-09-29,Flour,43.64
2025-09-29,Butter,443.31
2025-09-29,Sugar,42.79
2025-09-29,Eggs,5.8
2025-09-29,Cocoa,652.72
2025-09-30,Flour,43.74
2025-09-30,Butter,443.49
2025-09-30,Sugar,43.03
2025-09-30,Eggs,5.73
2025-09-30,Cocoa,650.55
2025-10-01,Flour,44.3
2025-10-01,Butter,438.5
2025-10-01,Sugar,43.63
2025-10-01,Eggs,5.67
2025-10-01,Cocoa,656.06
2025-10-02,Flour,44.15
2025-10-02,Butter,433.83
2025-10-02,Sugar,43.38
2025-10-02,Eggs,5.71
2025-10-02,Cocoa,655.9
2025-10-03,Flour,44.67
2025-10-03,Butter,441.65
2025-10-03,Sugar,42.86
2025-10-03,Eggs,5.64
2025-10-03,Cocoa,647.3
2025-10-04,Flour,44.27
2025-10-04,Butter,447.71
2025-10-04,Sugar,43.08
2025-10-04,Eggs,5.61
2025-10-04,Cocoa,647.28
2025-10-05,Flour,44.92
2025-10-05,Butter,457.52
2025-10-05,Sugar,43.17
2025-10-05,Eggs,5.46
2025-10-05,Cocoa,649.27
2025-10-06,Flour,45.34
2025-10-06,Butter,459.04
2025-10-06,Sugar,43.45
2025-10-06,Eggs,5.49
2025-10-06,Cocoa,641.26
2025-10-07,Flour,44.93
2025-10-07,Butter,457.92
2025-10-07,Sugar,43.87
2025-10-07,Eggs,5.46
2025-10-07,Cocoa,644.4
2025-10-08,Flour,45.07
2025-10-08,Butter,465.98
2025-10-08,Sugar,43.81
2025-10-08,Eggs,5.36
2025-10-08,Cocoa,648.71
2025-10-09,Flour,46.03
2025-10-09,Butter,469.68
2025-10-09,Sugar,43.44
2025-10-09,Eggs,5.31
2025-10-09,Cocoa,642.54
2025-10-10,Flour,46.91
2025-10-10,Butter,468.31
2025-10-10,Sugar,43.14
2025-10-10,Eggs,5.31
2025-10-10,Cocoa,640.63
2025-10-11,Flour,47.58
2025-10-11,Butter,463.68
2025-10-11,Sugar,43.61
2025-10-11,Eggs,5.34
2025-10-11,Cocoa,648.67
2025-10-12,Flour,48.24
2025-10-12,Butter,464.41
2025-10-12,Sugar,43.45
2025-10-12,Eggs,5.35
2025-10-12,Cocoa,648.08
2025-10-13,Flour,47.43
2025-10-13,Butter,472.17
2025-10-13,Sugar,43.52
2025-10-13,Eggs,5.3
2025-10-13,Cocoa,634.68
2025-10-14,Flour,46.34
2025-10-14,Butter,476.03
2025-10-14,Sugar,43.23
2025-10-14,Eggs,5.28
2025-10-14,Cocoa,638.16
2025-10-15,Flour,46.08
2025-10-15,Butter,478.73
2025-10-15,Sugar,43.24
2025-10-15,Eggs,5.29
2025-10-15,Cocoa,628.17
2025-10-16,Flour,45.69
2025-10-16,Butter,481.65
2025-10-16,Sugar,42.93
2025-10-16,Eggs,5.38
2025-10-16,Cocoa,643.86
2025-10-17,Flour,45.97
2025-10-17,Butter,488.78
2025-10-17,Sugar,43.22
2025-10-17,Eggs,5.36
2025-10-17,Cocoa,645.28
2025-10-18,Flour,46.85
2025-10-18,Butter,486.09
2025-10-18,Sugar,42.76
2025-10-18,Eggs,5.3
2025-10-18,Cocoa,643.96
2025-10-19,Flour,46.37
2025-10-19,Butter,494.01
2025-10-19,Sugar,42.83
2025-10-19,Eggs,5.38
2025-10-19,Cocoa,642.14
2025-10-20,Flour,45.83
2025-10-20,Butter,487.44
2025-10-20,Sugar,42.43
2025-10-20,Eggs,5.41
2025-10-20,Cocoa,645.68
2025-10-21,Flour,46.08
2025-10-21,Butter,480.15
2025-10-21,Sugar,42.43
2025-10-21,Eggs,5.36
2025-10-21,Cocoa,648.37
2025-10-22,Flour,46.27
2025-10-22,Butter,474.52
2025-10-22,Sugar,42.82
2025-10-22,Eggs,5.51
2025-10-22,Cocoa,653.83
2025-10-23,Flour,46.18
2025-10-23,Butter,473.11
2025-10-23,Sugar,42.72
2025-10-23,Eggs,5.48
2025-10-23,Cocoa,655.4
2025-10-24,Flour,45.64
2025-10-24,Butter,464.17
2025-10-24,Sugar,42.8
2025-10-24,Eggs,5.49
2025-10-24,Cocoa,651.58
2025-10-25,Flour,45.05
2025-10-25,Butter,465.88
2025-10-25,Sugar,42.37
2025-10-25,Eggs,5.49
2025-10-25,Cocoa,663.02
2025-10-26,Flour,45.34
2025-10-26,Butter,459.59
2025-10-26,Sugar,41.82
2025-10-26,Eggs,5.51
2025-10-26,Cocoa,653.82
2025-10-27,Flour,44.43
2025-10-27,Butter,462.56
2025-10-27,Sugar,41.96
2025-10-27,Eggs,5.55
2025-10-27,Cocoa,655.45
2025-10-28,Flour,44.42
2025-10-28,Butter,459.73
2025-10-28,Sugar,42.18
2025-10-28,Eggs,5.65
2025-10-28,Cocoa,652.08
2025-10-29,Flour,43.97
2025-10-29,Butter,454.68
2025-10-29,Sugar,41.81
2025-10-29,Eggs,5.67
2025-10-29,Cocoa,638.13
2025-10-30,Flour,44.19
2025-10-30,Butter,458.28
2025-10-30,Sugar,41.06
2025-10-30,Eggs,5.61
2025-10-30,Cocoa,638.89
2025-10-31,Flour,44.14
2025-10-31,Butter,461.21
2025-10-31,Sugar,41.02
2025-10-31,Eggs,5.7
2025-10-31,Cocoa,637.02
2025-11-01,Flour,43.71
2025-11-01,Butter,456.48
2025-11-01,Sugar,41.35
2025-11-01,Eggs,5.71
2025-11-01,Cocoa,641.4
2025-11-02,Flour,44.01
2025-11-02,Butter,447.26
2025-11-02,Sugar,40.88
2025-11-02,Eggs,5.65
2025-11-02,Cocoa,636.27
2025-11-03,Flour,43.85
2025-11-03,Butter,452.71
2025-11-03,Sugar,41.41
2025-11-03,Eggs,5.64
2025-11-03,Cocoa,634.91
2025-11-04,Flour,43.55
2025-11-04,Butter,453.68
2025-11-04,Sugar,41.5
2025-11-04,Eggs,5.7
2025-11-04,Cocoa,640.4
2025-11-05,Flour,42.54
2025-11-05,Butter,453.47
2025-11-05,Sugar,42.1
2025-11-05,Eggs,5.68
2025-11-05,Cocoa,648.0
2025-11-06,Flour,42.46
2025-11-06,Butter,454.84
2025-11-06,Sugar,41.62
2025-11-06,Eggs,5.62
2025-11-06,Cocoa,652.76
2025-11-07,Flour,42.9
2025-11-07,Butter,455.47
2025-11-07,Sugar,41.11
2025-11-07,Eggs,5.63
2025-11-07,Cocoa,660.87
2025-11-08,Flour,43.73
2025-11-08,Butter,454.45
2025-11-08,Sugar,40.43
2025-11-08,Eggs,5.68
2025-11-08,Cocoa,658.86
2025-11-09,Flour,44.18
2025-11-09,Butter,456.31
2025-11-09,Sugar,40.09
2025-11-09,Eggs,5.69
2025-11-09,Cocoa,667.19
2025-11-10,Flour,44.13
2025-11-10,Butter,451.81
2025-11-10,Sugar,39.46
2025-11-10,Eggs,5.65
2025-11-10,Cocoa,664.18
2025-11-11,Flour,44.51
2025-11-11,Butter,447.0
2025-11-11,Sugar,40.16
2025-11-11,Eggs,5.58
2025-11-11,Cocoa,679.05
2025-11-12,Flour,45.3
2025-11-12,Butter,448.33
2025-11-12,Sugar,39.51
2025-11-12,Eggs,5.59
2025-11-12,Cocoa,675.95
2025-11-13,Flour,44.72
2025-11-13,Butter,450.36
2025-11-13,Sugar,39.21
2025-11-13,Eggs,5.55
2025-11-13,Cocoa,674.11
2025-11-14,Flour,44.47
2025-11-14,Butter,460.93
2025-11-14,Sugar,39.04
2025-11-14,Eggs,5.59
2025-11-14,Cocoa,674.58
2025-11-15,Flour,44.64
2025-11-15,Butter,463.37
2025-11-15,Sugar,39.47
2025-11-15,Eggs,5.61
2025-11-15,Cocoa,675.55
2025-11-16,Flour,44.67
2025-11-16,Butter,463.04
2025-11-16,Sugar,39.14
2025-11-16,Eggs,5.61
2025-11-16,Cocoa,676.6
2025-11-17,Flour,44.86
2025-11-17,Butter,464.25
2025-11-17,Sugar,39.1
2025-11-17,Eggs,5.62
2025-11-17,Cocoa,672.47
2025-11-18,Flour,45.0
2025-11-18,Butter,463.5
2025-11-18,Sugar,39.23
2025-11-18,Eggs,5.69
2025-11-18,Cocoa,667.41
2025-11-19,Flour,45.27
2025-11-19,Butter,463.99
2025-11-19,Sugar,40.14
2025-11-19,Eggs,5.68
2025-11-19,Cocoa,671.58
2025-11-20,Flour,45.27
2025-11-20,Butter,457.64
2025-11-20,Sugar,39.96
2025-11-20,Eggs,5.74
2025-11-20,Cocoa,668.34
2025-11-21,Flour,44.27
2025-11-21,Butter,457.94
2025-11-21,Sugar,39.54
2025-11-21,Eggs,5.75
2025-11-21,Cocoa,678.05
2025-11-22,Flour,44.63
2025-11-22,Butter,465.76
2025-11-22,Sugar,39.35
2025-11-22,Eggs,5.75
2025-11-22,Cocoa,670.7
2025-11-23,Flour,44.33
2025-11-23,Butter,461.59
2025-11-23,Sugar,38.86
2025-11-23,Eggs,5.84
2025-11-23,Cocoa,656.69
2025-11-24,Flour,44.96
2025-11-24,Butter,467.94
2025-11-24,Sugar,39.13
2025-11-24,Eggs,5.77
2025-11-24,Cocoa,646.27
2025-11-25,Flour,44.71
2025-11-25,Butter,471.18
2025-11-25,Sugar,39.19
2025-11-25,Eggs,5.71
2025-11-25,Cocoa,653.81
2025-11-26,Flour,45.48
2025-11-26,Butter,470.27
2025-11-26,Sugar,39.29
2025-11-26,Eggs,5.63
2025-11-26,Cocoa,651.04
2025-11-27,Flour,45.7
2025-11-27,Butter,472.17
2025-11-27,Sugar,39.13
2025-11-27,Eggs,5.62
2025-11-27,Cocoa,648.11
2025-11-28,Flour,45.56
2025-11-28,Butter,474.36
2025-11-28,Sugar,38.36
2025-11-28,Eggs,5.62
2025-11-28,Cocoa,650.43
2025-11-29,Flour,45.29
2025-11-29,Butter,472.17
2025-11-29,Sugar,38.24
2025-11-29,Eggs,5.6
2025-11-29,Cocoa,650.46
2025-11-30,Flour,45.34
2025-11-30,Butter,462.25
2025-11-30,Sugar,38.59
2025-11-30,Eggs,5.59
2025-11-30,Cocoa,663.01
2025-12-01,Flour,44.8
2025-12-01,Butter,458.44
2025-12-01,Sugar,38.58
2025-12-01,Eggs,5.63
2025-12-01,Cocoa,650.07
2025-12-02,Flour,44.43
2025-12-02,Butter,461.71
2025-12-02,Sugar,38.25
2025-12-02,Eggs,5.72
2025-12-02,Cocoa,647.12
2025-12-03,Flour,44.04
2025-12-03,Butter,465.0
2025-12-03,Sugar,39.0
2025-12-03,Eggs,5.75
2025-12-03,Cocoa,655.37
2025-12-04,Flour,44.81
2025-12-04,Butter,460.88
2025-12-04,Sugar,39.45
2025-12-04,Eggs,5.66
2025-12-04,Cocoa,658.02
2025-12-05,Flour,44.78
2025-12-05,Butter,467.23
2025-12-05,Sugar,40.0
2025-12-05,Eggs,5.7
2025-12-05,Cocoa,659.8
2025-12-06,Flour,45.01
2025-12-06,Butter,467.78
2025-12-06,Sugar,40.01
2025-12-06,Eggs,5.79
2025-12-06,Cocoa,669.77
2025-12-07,Flour,44.95
2025-12-07,Butter,469.16
2025-12-07,Sugar,40.08
2025-12-07,Eggs,5.7
2025-12-07,Cocoa,667.18
2025-12-08,Flour,45.67
2025-12-08,Butter,465.78
2025-12-08,Sugar,41.01
2025-12-08,Eggs,5.78
2025-12-08,Cocoa,669.45
2025-12-09,Flour,45.91
2025-12-09,Butter,461.66
2025-12-09,Sugar,40.92
2025-12-09,Eggs,5.87
2025-12-09,Cocoa,665.07
2025-12-10,Flour,46.37
2025-12-10,Butter,455.42
2025-12-10,Sugar,40.44
2025-12-10,Eggs,5.98
2025-12-10,Cocoa,664.69
2025-12-11,Flour,46.1
2025-12-11,Butter,462.45
2025-12-11,Sugar,40.99
2025-12-11,Eggs,6.04
2025-12-11,Cocoa,660.69
2025-12-12,Flour,45.95
2025-12-12,Butter,464.3
2025-12-12,Sugar,41.3
2025-12-12,Eggs,6.01
2025-12-12,Cocoa,661.59
2025-12-13,Flour,46.05
2025-12-13,Butter,470.79
2025-12-13,Sugar,41.63
2025-12-13,Eggs,5.92
2025-12-13,Cocoa,659.97
2025-12-14,Flour,45.61
2025-12-14,Butter,473.7
2025-12-14,Sugar,42.03
2025-12-14,Eggs,5.93
2025-12-14,Cocoa,658.02
2025-12-15,Flour,45.63
2025-12-15,Butter,474.83
2025-12-15,Sugar,41.76
2025-12-15,Eggs,5.85
2025-12-15,Cocoa,644.54
2025-12-16,Flour,46.19
2025-12-16,Butter,477.32
2025-12-16,Sugar,41.92
2025-12-16,Eggs,5.93
2025-12-16,Cocoa,636.49
2025-12-17,Flour,45.38
2025-12-17,Butter,479.21
2025-12-17,Sugar,42.04
2025-12-17,Eggs,5.83
2025-12-17,Cocoa,639.09
2025-12-18,Flour,45.2
2025-12-18,Butter,475.36
2025-12-18,Sugar,41.9
2025-12-18,Eggs,5.69
2025-12-18,Cocoa,635.47
2025-12-19,Flour,44.87
2025-12-19,Butter,478.12
2025-12-19,Sugar,41.84
2025-12-19,Eggs,5.73
2025-12-19,Cocoa,619.19
2025-12-20,Flour,44.5
2025-12-20,Butter,480.83
2025-12-20,Sugar,41.71
2025-12-20,Eggs,5.79
2025-12-20,Cocoa,608.07
2025-12-21,Flour,44.84
2025-12-21,Butter,477.74
2025-12-21,Sugar,41.41
2025-12-21,Eggs,5.85
2025-12-21,Cocoa,616.46
2025-12-22,Flour,45.31
2025-12-22,Butter,487.57
2025-12-22,Sugar,41.95
2025-12-22,Eggs,5.81
2025-12-22,Cocoa,618.06
2025-12-23,Flour,45.14
2025-12-23,Butter,497.16
2025-12-23,Sugar,42.42
2025-12-23,Eggs,5.8
2025-12-23,Cocoa,624.4
2025-12-24,Flour,44.58
2025-12-24,Butter,498.02
2025-12-24,Sugar,42.01
2025-12-24,Eggs,5.7
2025-12-24,Cocoa,630.01
2025-12-25,Flour,45.0
2025-12-25,Butter,499.85
2025-12-25,Sugar,41.94
2025-12-25,Eggs,5.63
2025-12-25,Cocoa,622.86
2025-12-26,Flour,44.56
2025-12-26,Butter,498.34
2025-12-26,Sugar,42.39
2025-12-26,Eggs,5.7
2025-12-26,Cocoa,612.69
2025-12-27,Flour,44.26
2025-12-27,Butter,494.51
2025-12-27,Sugar,41.32
2025-12-27,Eggs,5.74
2025-12-27,Cocoa,611.84
2025-12-28,Flour,44.22
2025-12-28,Butter,500.68
2025-12-28,Sugar,41.37
2025-12-28,Eggs,5.72
2025-12-28,Cocoa,616.32
2025-12-29,Flour,44.72
2025-12-29,Butter,501.69
2025-12-29,Sugar,41.67
2025-12-29,Eggs,5.72
2025-12-29,Cocoa,616.46
2025-12-30,Flour,44.77
2025-12-30,Butter,497.64
2025-12-30,Sugar,41.44
2025-12-30,Eggs,5.81
2025-12-30,Cocoa,630.18
